Timestamp,MachineId,Load,VelRMS1 mm/s,VelRMS2 mm/s,AccRMS1 g,AccRMS2 g,Time
1631570400.0,995,,4.22,,0.917,,9-14-2021 0:00:00
1631570460.0,995,,4.16,,0.92,,9-14-2021 0:01:00
1631570520.0,995,,,1.12,,0.688,9-14-2021 0:02:00
1631570580.0,995,,,1.09,,0.691,9-14-2021 0:03:00
1631570640.0,995,,,1.11,,0.69,9-14-2021 0:04:00
1631570700.0,995,,,,,,9-14-2021 0:05:00
1631570760.0,995,,4.27,,0.916,,9-14-2021 0:06:00
1631570820.0,995,,4.12,,0.912,,9-14-2021 0:07:00
1631570880.0,995,,4.16,1.26,0.915,0.654,9-14-2021 0:08:00
1631570940.0,995,,,1.2,,0.643,9-14-2021 0:09:00
1631571000.0,995,,,1.24,,0.644,9-14-2021 0:10:00
1631571060.0,995,,,,,,9-14-2021 0:11:00
1631571120.0,995,,4.4,,0.926,,9-14-2021 0:12:00
1631571180.0,995,,4.56,,0.956,,9-14-2021 0:13:00
1631571240.0,995,,4.68,1.2,0.976,0.641,9-14-2021 0:14:00
1631571300.0,995,,,1.18,,0.703,9-14-2021 0:15:00
1631571360.0,995,,,1.15,,0.679,9-14-2021 0:16:00
1631571420.0,995,,,,,,9-14-2021 0:17:00
1631571480.0,995,,4.54,,0.925,,9-14-2021 0:18:00
1631571540.0,995,,4.7,,0.931,,9-14-2021 0:19:00
1631571600.0,995,,4.75,1.2,0.928,0.653,9-14-2021 0:20:00
1631571660.0,995,,,1.25,,0.648,9-14-2021 0:21:00
1631571720.0,995,,,1.2,,0.627,9-14-2021 0:22:00
1631571780.0,995,,,,,,9-14-2021 0:23:00
1631571840.0,995,,4.48,,0.929,,9-14-2021 0:24:00
1631571900.0,995,,4.53,,0.933,,9-14-2021 0:25:00
1631571960.0,995,,4.69,1.12,0.94,0.664,9-14-2021 0:26:00
1631572020.0,995,,,1.15,,0.676,9-14-2021 0:27:00
1631572080.0,995,,,1.14,,0.679,9-14-2021 0:28:00
1631572140.0,995,,,,,,9-14-2021 0:29:00
1631572200.0,995,,4.83,,0.99,,9-14-2021 0:30:00
1631572260.0,995,,4.63,,0.93,,9-14-2021 0:31:00
1631572320.0,995,,4.35,1.11,0.912,0.68,9-14-2021 0:32:00
1631572380.0,995,,,1.13,,0.683,9-14-2021 0:33:00
1631572440.0,995,,,1.1,,0.684,9-14-2021 0:34:00
1631572500.0,995,,,,,,9-14-2021 0:35:00
1631572560.0,995,,4.68,,0.947,,9-14-2021 0:36:00
1631572620.0,995,,4.57,,0.931,,9-14-2021 0:37:00
1631572680.0,995,,4.65,1.19,0.939,0.643,9-14-2021 0:38:00
1631572740.0,995,,,1.27,,0.645,9-14-2021 0:39:00
1631572800.0,995,,,1.17,,0.671,9-14-2021 0:40:00
1631572860.0,995,,,,,,9-14-2021 0:41:00
1631572920.0,995,,4.57,,0.94,,9-14-2021 0:42:00
1631572980.0,995,,4.62,,0.97,,9-14-2021 0:43:00
1631573040.0,995,,4.4,1.22,0.924,0.627,9-14-2021 0:44:00
1631573100.0,995,,,1.19,,0.621,9-14-2021 0:45:00
1631573160.0,995,,,1.22,,0.62,9-14-2021 0:46:00
1631573220.0,995,,,,,,9-14-2021 0:47:00
1631573280.0,995,,4.83,,0.956,,9-14-2021 0:48:00
1631573340.0,995,,4.62,,0.941,,9-14-2021 0:49:00
1631573400.0,995,,4.65,,0.938,,9-14-2021 0:50:00
1631573460.0,995,,4.59,1.2,0.92,0.611,9-14-2021 0:51:00
1631573520.0,995,,,1.17,,0.61,9-14-2021 0:52:00
1631573580.0,995,,,1.17,,0.61,9-14-2021 0:53:00
1631573640.0,995,,,,,,9-14-2021 0:54:00
1631573700.0,995,,4.52,,0.918,,9-14-2021 0:55:00
1631573760.0,995,,4.44,,0.92,,9-14-2021 0:56:00
1631573820.0,995,,4.27,1.17,0.913,0.714,9-14-2021 0:57:00
1631573880.0,995,,,1.27,,0.662,9-14-2021 0:58:00
1631573940.0,995,,,1.14,,0.704,9-14-2021 0:59:00
1631574000.0,995,,,,,,9-14-2021 1:00:00
1631574060.0,995,,4.55,,0.918,,9-14-2021 1:01:00
1631574120.0,995,,4.65,,0.967,,9-14-2021 1:02:00
1631574180.0,995,,4.54,1.18,0.963,0.637,9-14-2021 1:03:00
1631574240.0,995,,,1.16,,0.641,9-14-2021 1:04:00
1631574300.0,995,,,1.14,,0.643,9-14-2021 1:05:00
1631574360.0,995,,,,,,9-14-2021 1:06:00
1631574420.0,995,,4.38,,0.895,,9-14-2021 1:07:00
1631574480.0,995,,4.25,,0.908,,9-14-2021 1:08:00
1631574540.0,995,,4.24,1.15,0.903,0.682,9-14-2021 1:09:00
1631574600.0,995,,,1.12,,0.677,9-14-2021 1:10:00
1631574660.0,995,,,1.13,,0.678,9-14-2021 1:11:00
1631574720.0,995,,,,,,9-14-2021 1:12:00
1631574780.0,995,,4.24,,0.918,,9-14-2021 1:13:00
1631574840.0,995,,4.11,,0.922,,9-14-2021 1:14:00
1631574900.0,995,,4.13,1.12,0.924,0.679,9-14-2021 1:15:00
1631574960.0,995,,,1.12,,0.682,9-14-2021 1:16:00
1631575020.0,995,,,1.15,,0.689,9-14-2021 1:17:00
1631575080.0,995,,,,,,9-14-2021 1:18:00
1631575140.0,995,,4.13,,0.921,,9-14-2021 1:19:00
1631575200.0,995,,4.76,,0.966,,9-14-2021 1:20:00
1631575260.0,995,,4.42,1.18,0.934,0.68,9-14-2021 1:21:00
1631575320.0,995,,,1.26,,0.659,9-14-2021 1:22:00
1631575380.0,995,,,1.2,,0.691,9-14-2021 1:23:00
1631575440.0,995,,,,,,9-14-2021 1:24:00
1631575500.0,995,,4.2,,0.895,,9-14-2021 1:25:00
1631575560.0,995,,4.02,,0.895,,9-14-2021 1:26:00
1631575620.0,995,,4.18,,0.91,,9-14-2021 1:27:00
1631575680.0,995,,,1.13,,0.698,9-14-2021 1:28:00
1631575740.0,995,,,1.12,,0.698,9-14-2021 1:29:00
1631575800.0,995,,,1.13,,0.695,9-14-2021 1:30:00
1631575860.0,995,,,,,,9-14-2021 1:31:00
1631575920.0,995,,4.08,,0.905,,9-14-2021 1:32:00
1631575980.0,995,,4.0,,0.904,,9-14-2021 1:33:00
1631576040.0,995,,4.22,1.16,0.904,0.699,9-14-2021 1:34:00
1631576100.0,995,,,1.07,,0.698,9-14-2021 1:35:00
1631576160.0,995,,,1.11,,0.697,9-14-2021 1:36:00
1631576220.0,995,,,,,,9-14-2021 1:37:00
1631576280.0,995,,4.0,,0.907,,9-14-2021 1:38:00
1631576340.0,995,,4.17,,0.916,,9-14-2021 1:39:00
1631576400.0,995,,4.24,1.12,0.906,0.698,9-14-2021 1:40:00
1631576460.0,995,,,1.07,,0.711,9-14-2021 1:41:00
1631576520.0,995,,,1.17,,0.708,9-14-2021 1:42:00
1631576580.0,995,,,,,,9-14-2021 1:43:00
1631576640.0,995,,4.71,,0.984,,9-14-2021 1:44:00
1631576700.0,995,,4.45,,0.958,,9-14-2021 1:45:00
1631576760.0,995,,4.43,1.23,0.911,0.675,9-14-2021 1:46:00
1631576820.0,995,,,1.19,,0.673,9-14-2021 1:47:00
1631576880.0,995,,,1.22,,0.67,9-14-2021 1:48:00
1631576940.0,995,,,,,,9-14-2021 1:49:00
1631577000.0,995,,4.37,,0.913,,9-14-2021 1:50:00
1631577060.0,995,,4.54,,0.928,,9-14-2021 1:51:00
1631577120.0,995,,4.45,1.16,0.918,0.68,9-14-2021 1:52:00
1631577180.0,995,,,1.27,,0.649,9-14-2021 1:53:00
1631577240.0,995,,,1.19,,0.658,9-14-2021 1:54:00
1631577300.0,995,,,,,,9-14-2021 1:55:00
1631577360.0,995,,4.12,,0.889,,9-14-2021 1:56:00
1631577420.0,995,,4.2,,0.889,,9-14-2021 1:57:00
1631577480.0,995,,4.13,1.14,0.891,0.686,9-14-2021 1:58:00
1631577540.0,995,,,1.17,,0.702,9-14-2021 1:59:00
1631577600.0,995,,,1.1,,0.696,9-14-2021 2:00:00
1631577660.0,995,,,,,,9-14-2021 2:01:00
1631577720.0,995,,4.19,,0.908,,9-14-2021 2:02:00
1631577780.0,995,,4.06,,0.9,,9-14-2021 2:03:00
1631577840.0,995,,4.09,1.13,0.905,0.694,9-14-2021 2:04:00
1631577900.0,995,,,1.07,,0.698,9-14-2021 2:05:00
1631577960.0,995,,,1.12,,0.695,9-14-2021 2:06:00
1631578020.0,995,,,,,,9-14-2021 2:07:00
1631578080.0,995,,4.11,,0.921,,9-14-2021 2:08:00
1631578140.0,995,,3.99,,0.915,,9-14-2021 2:09:00
1631578200.0,995,,4.11,1.15,0.908,0.703,9-14-2021 2:10:00
1631578260.0,995,,,1.17,,0.7,9-14-2021 2:11:00
1631578320.0,995,,,1.1,,0.704,9-14-2021 2:12:00
1631578380.0,995,,,,,,9-14-2021 2:13:00
1631578440.0,995,,4.07,,0.906,,9-14-2021 2:14:00
1631578500.0,995,,4.09,,0.909,,9-14-2021 2:15:00
1631578560.0,995,,3.98,,0.917,,9-14-2021 2:16:00
1631578620.0,995,,4.01,1.09,0.916,0.717,9-14-2021 2:17:00
1631578680.0,995,,,1.12,,0.725,9-14-2021 2:18:00
1631578740.0,995,,,1.14,,0.721,9-14-2021 2:19:00
1631578800.0,995,,,,,,9-14-2021 2:20:00
1631578860.0,995,,4.08,,0.909,,9-14-2021 2:21:00
1631578920.0,995,,4.13,,0.903,,9-14-2021 2:22:00
1631578980.0,995,,4.08,1.08,0.913,0.726,9-14-2021 2:23:00
1631579040.0,995,,,1.07,,0.734,9-14-2021 2:24:00
1631579100.0,995,,,1.09,,0.729,9-14-2021 2:25:00
1631579160.0,995,,,,,,9-14-2021 2:26:00
1631579220.0,995,,4.15,,0.915,,9-14-2021 2:27:00
1631579280.0,995,,4.03,,0.915,,9-14-2021 2:28:00
1631579340.0,995,,4.05,1.1,0.918,0.751,9-14-2021 2:29:00
1631579400.0,995,,,1.09,,0.752,9-14-2021 2:30:00
1631579460.0,995,,,1.08,,0.758,9-14-2021 2:31:00
1631579520.0,995,,,,,,9-14-2021 2:32:00
1631579580.0,995,,4.14,,0.915,,9-14-2021 2:33:00
1631579640.0,995,,4.7,,0.954,,9-14-2021 2:34:00
1631579700.0,995,,4.46,1.21,0.916,0.703,9-14-2021 2:35:00
1631579760.0,995,,,1.14,,0.699,9-14-2021 2:36:00
1631579820.0,995,,,1.22,,0.683,9-14-2021 2:37:00
1631579880.0,995,,,,,,9-14-2021 2:38:00
1631579940.0,995,,4.33,,0.905,,9-14-2021 2:39:00
1631580000.0,995,,4.49,,0.927,,9-14-2021 2:40:00
1631580060.0,995,,4.24,1.12,0.912,0.706,9-14-2021 2:41:00
1631580120.0,995,,,1.14,,0.78,9-14-2021 2:42:00
1631580180.0,995,,,1.12,,0.775,9-14-2021 2:43:00
1631580240.0,995,,,,,,9-14-2021 2:44:00
1631580300.0,995,,4.01,,0.895,,9-14-2021 2:45:00
1631580360.0,995,,4.11,,0.905,,9-14-2021 2:46:00
1631580420.0,995,,4.14,1.07,0.902,0.71,9-14-2021 2:47:00
1631580480.0,995,,,1.09,,0.709,9-14-2021 2:48:00
1631580540.0,995,,,1.08,,0.714,9-14-2021 2:49:00
1631580600.0,995,,,,,,9-14-2021 2:50:00
1631580660.0,995,,4.17,,0.907,,9-14-2021 2:51:00
1631580720.0,995,,4.15,,0.904,,9-14-2021 2:52:00
1631580780.0,995,,3.93,,0.9,,9-14-2021 2:53:00
1631580840.0,995,,,1.11,,0.732,9-14-2021 2:54:00
1631580900.0,995,,,1.12,,0.74,9-14-2021 2:55:00
1631580960.0,995,,,1.15,,0.743,9-14-2021 2:56:00
1631581020.0,995,,,,,,9-14-2021 2:57:00
1631581080.0,995,,3.92,,0.905,,9-14-2021 2:58:00
1631581140.0,995,,4.14,,0.913,,9-14-2021 2:59:00
1631581200.0,995,,4.1,1.1,0.91,0.749,9-14-2021 3:00:00
1631581260.0,995,,,1.08,,0.759,9-14-2021 3:01:00
1631581320.0,995,,,1.1,,0.76,9-14-2021 3:02:00
1631581380.0,995,,,,,,9-14-2021 3:03:00
1631581440.0,995,,4.06,,0.91,,9-14-2021 3:04:00
1631581500.0,995,,4.15,,0.913,,9-14-2021 3:05:00
1631581560.0,995,,4.01,1.07,0.909,0.764,9-14-2021 3:06:00
1631581620.0,995,,,1.07,,0.772,9-14-2021 3:07:00
1631581680.0,995,,,1.09,,0.772,9-14-2021 3:08:00
1631581740.0,995,,,,,,9-14-2021 3:09:00
1631581800.0,995,,3.94,,0.923,,9-14-2021 3:10:00
1631581860.0,995,,4.07,,0.91,,9-14-2021 3:11:00
1631581920.0,995,,4.03,1.09,0.911,0.792,9-14-2021 3:12:00
1631581980.0,995,,,1.09,,0.786,9-14-2021 3:13:00
1631582040.0,995,,,1.13,,0.791,9-14-2021 3:14:00
1631582100.0,995,,,,,,9-14-2021 3:15:00
1631582160.0,995,,4.04,,0.91,,9-14-2021 3:16:00
1631582220.0,995,,4.14,,0.909,,9-14-2021 3:17:00
1631582280.0,995,,4.07,1.1,0.907,0.805,9-14-2021 3:18:00
1631582340.0,995,,,1.09,,0.808,9-14-2021 3:19:00
1631582400.0,995,,,1.09,,0.806,9-14-2021 3:20:00
1631582460.0,995,,,,,,9-14-2021 3:21:00
1631582520.0,995,,3.97,,0.912,,9-14-2021 3:22:00
1631582580.0,995,,4.02,,0.921,,9-14-2021 3:23:00
1631582640.0,995,,4.04,1.13,0.916,0.82,9-14-2021 3:24:00
1631582700.0,995,,,1.13,,0.821,9-14-2021 3:25:00
1631582760.0,995,,,1.08,,0.822,9-14-2021 3:26:00
1631582820.0,995,,,,,,9-14-2021 3:27:00
1631582880.0,995,,4.02,,0.915,,9-14-2021 3:28:00
1631582940.0,995,,4.03,,0.916,,9-14-2021 3:29:00
1631583000.0,995,,4.14,1.08,0.92,0.839,9-14-2021 3:30:00
1631583060.0,995,,,1.08,,0.835,9-14-2021 3:31:00
1631583120.0,995,,,1.07,,0.84,9-14-2021 3:32:00
1631583180.0,995,,,,,,9-14-2021 3:33:00
1631583240.0,995,,4.04,,0.914,,9-14-2021 3:34:00
1631583300.0,995,,4.05,,0.92,,9-14-2021 3:35:00
1631583360.0,995,,3.99,1.1,0.912,0.846,9-14-2021 3:36:00
1631583420.0,995,,,1.13,,0.85,9-14-2021 3:37:00
1631583480.0,995,,,1.13,,0.861,9-14-2021 3:38:00
1631583540.0,995,,,,,,9-14-2021 3:39:00
1631583600.0,995,,4.1,,0.915,,9-14-2021 3:40:00
1631583660.0,995,,3.93,,0.908,,9-14-2021 3:41:00
1631583720.0,995,,3.97,,0.904,,9-14-2021 3:42:00
1631583780.0,995,,4.0,1.14,0.905,0.875,9-14-2021 3:43:00
1631583840.0,995,,,1.06,,0.881,9-14-2021 3:44:00
1631583900.0,995,,,1.1,,0.875,9-14-2021 3:45:00
1631583960.0,995,,,,,,9-14-2021 3:46:00
1631584020.0,995,,3.91,,0.904,,9-14-2021 3:47:00
1631584080.0,995,,4.1,,0.91,,9-14-2021 3:48:00
1631584140.0,995,,4.07,1.13,0.911,0.876,9-14-2021 3:49:00
1631584200.0,995,,,1.08,,0.873,9-14-2021 3:50:00
1631584260.0,995,,,1.1,,0.876,9-14-2021 3:51:00
1631584320.0,995,,,,,,9-14-2021 3:52:00
1631584380.0,995,,4.04,,0.916,,9-14-2021 3:53:00
1631584440.0,995,,3.94,,0.916,,9-14-2021 3:54:00
1631584500.0,995,,4.09,1.11,0.917,0.898,9-14-2021 3:55:00
1631584560.0,995,,,1.07,,0.907,9-14-2021 3:56:00
1631584620.0,995,,,1.1,,0.903,9-14-2021 3:57:00
1631584680.0,995,,,,,,9-14-2021 3:58:00
1631584740.0,995,,4.02,,0.921,,9-14-2021 3:59:00
1631584800.0,995,,4.04,,0.915,,9-14-2021 4:00:00
1631584860.0,995,,4.08,1.06,0.913,0.897,9-14-2021 4:01:00
1631584920.0,995,,,1.14,,0.897,9-14-2021 4:02:00
1631584980.0,995,,,1.07,,0.901,9-14-2021 4:03:00
1631585040.0,995,,,,,,9-14-2021 4:04:00
1631585100.0,995,,3.99,,0.918,,9-14-2021 4:05:00
1631585160.0,995,,4.01,,0.913,,9-14-2021 4:06:00
1631585220.0,995,,4.0,1.16,0.908,0.899,9-14-2021 4:07:00
1631585280.0,995,,,1.1,,0.894,9-14-2021 4:08:00
1631585340.0,995,,,1.08,,0.895,9-14-2021 4:09:00
1631585400.0,995,,,,,,9-14-2021 4:10:00
1631585460.0,995,,3.92,,0.904,,9-14-2021 4:11:00
1631585520.0,995,,3.99,,0.916,,9-14-2021 4:12:00
1631585580.0,995,,4.04,1.11,0.929,0.921,9-14-2021 4:13:00
1631585640.0,995,,,1.08,,0.921,9-14-2021 4:14:00
1631585700.0,995,,,1.09,,0.919,9-14-2021 4:15:00
1631585760.0,995,,,,,,9-14-2021 4:16:00
1631585820.0,995,,3.95,,0.925,,9-14-2021 4:17:00
1631585880.0,995,,4.06,,0.922,,9-14-2021 4:18:00
1631585940.0,995,,4.04,,0.915,,9-14-2021 4:19:00
1631586000.0,995,,,1.13,,0.912,9-14-2021 4:20:00
1631586060.0,995,,,1.05,,0.92,9-14-2021 4:21:00
1631586120.0,995,,,1.12,,0.916,9-14-2021 4:22:00
1631586180.0,995,,,,,,9-14-2021 4:23:00
1631586240.0,995,,3.92,,0.921,,9-14-2021 4:24:00
1631586300.0,995,,3.91,,0.918,,9-14-2021 4:25:00
1631586360.0,995,,4.01,1.06,0.922,0.93,9-14-2021 4:26:00
1631586420.0,995,,,1.25,,0.82,9-14-2021 4:27:00
1631586480.0,995,,,1.29,,0.809,9-14-2021 4:28:00
1631586540.0,995,,,,,,9-14-2021 4:29:00
1631586600.0,995,,3.99,,0.892,,9-14-2021 4:30:00
1631586660.0,995,,4.01,,0.897,,9-14-2021 4:31:00
1631586720.0,995,,3.92,1.09,0.897,0.788,9-14-2021 4:32:00
1631586780.0,995,,,1.05,,0.798,9-14-2021 4:33:00
1631586840.0,995,,,1.09,,0.803,9-14-2021 4:34:00
1631586900.0,995,,,,,,9-14-2021 4:35:00
1631586960.0,995,,4.02,,0.902,,9-14-2021 4:36:00
1631587020.0,995,,4.07,,0.9,,9-14-2021 4:37:00
1631587080.0,995,,4.1,1.07,0.896,0.838,9-14-2021 4:38:00
1631587140.0,995,,,1.11,,0.853,9-14-2021 4:39:00
1631587200.0,995,,,1.09,,0.854,9-14-2021 4:40:00
1631587260.0,995,,,,,,9-14-2021 4:41:00
1631587320.0,995,,3.99,,0.901,,9-14-2021 4:42:00
1631587380.0,995,,3.99,,0.908,,9-14-2021 4:43:00
1631587440.0,995,,4.11,1.08,0.905,0.871,9-14-2021 4:44:00
1631587500.0,995,,,1.05,,0.866,9-14-2021 4:45:00
1631587560.0,995,,,1.14,,0.869,9-14-2021 4:46:00
1631587620.0,995,,,,,,9-14-2021 4:47:00
1631587680.0,995,,3.97,,0.909,,9-14-2021 4:48:00
1631587740.0,995,,4.65,,0.92,,9-14-2021 4:49:00
1631587800.0,995,,4.58,1.14,0.955,0.767,9-14-2021 4:50:00
1631587860.0,995,,,1.15,,0.724,9-14-2021 4:51:00
1631587920.0,995,,,1.09,,0.758,9-14-2021 4:52:00
1631587980.0,995,,,,,,9-14-2021 4:53:00
1631588040.0,995,,4.04,,0.896,,9-14-2021 4:54:00
1631588100.0,995,,4.03,,0.898,,9-14-2021 4:55:00
1631588160.0,995,,3.95,1.08,0.898,0.778,9-14-2021 4:56:00
1631588220.0,995,,,1.18,,0.79,9-14-2021 4:57:00
1631588280.0,995,,,1.11,,0.787,9-14-2021 4:58:00
1631588340.0,995,,,,,,9-14-2021 4:59:00
1631588400.0,995,,4.12,,0.903,,9-14-2021 5:00:00
1631588460.0,995,,3.9,,0.898,,9-14-2021 5:01:00
1631588520.0,995,,4.03,1.08,0.893,0.82,9-14-2021 5:02:00
1631588580.0,995,,,1.14,,0.823,9-14-2021 5:03:00
1631588640.0,995,,,1.07,,0.831,9-14-2021 5:04:00
1631588700.0,995,,,,,,9-14-2021 5:05:00
1631588760.0,995,,4.05,,0.902,,9-14-2021 5:06:00
1631588820.0,995,,4.05,,0.903,,9-14-2021 5:07:00
1631588880.0,995,,4.02,,0.898,,9-14-2021 5:08:00
1631588940.0,995,,3.96,1.09,0.908,0.849,9-14-2021 5:09:00
1631589000.0,995,,,1.09,,0.861,9-14-2021 5:10:00
1631589060.0,995,,,1.06,,0.853,9-14-2021 5:11:00
1631589120.0,995,,,,,,9-14-2021 5:12:00
1631589180.0,995,,4.02,,0.91,,9-14-2021 5:13:00
1631589240.0,995,,3.96,,0.903,,9-14-2021 5:14:00
1631589300.0,995,,4.02,1.11,0.903,0.867,9-14-2021 5:15:00
1631589360.0,995,,,1.08,,0.871,9-14-2021 5:16:00
1631589420.0,995,,,1.11,,0.874,9-14-2021 5:17:00
1631589480.0,995,,,,,,9-14-2021 5:18:00
1631589540.0,995,,3.93,,0.901,,9-14-2021 5:19:00
1631589600.0,995,,4.05,,0.904,,9-14-2021 5:20:00
1631589660.0,995,,3.92,1.11,0.905,0.885,9-14-2021 5:21:00
1631589720.0,995,,,1.11,,0.896,9-14-2021 5:22:00
1631589780.0,995,,,1.07,,0.898,9-14-2021 5:23:00
1631589840.0,995,,,,,,9-14-2021 5:24:00
1631589900.0,995,,3.98,,0.911,,9-14-2021 5:25:00
1631589960.0,995,,4.06,,0.911,,9-14-2021 5:26:00
1631590020.0,995,,3.96,1.11,0.907,0.896,9-14-2021 5:27:00
1631590080.0,995,,,1.08,,0.895,9-14-2021 5:28:00
1631590140.0,995,,,1.1,,0.906,9-14-2021 5:29:00
1631590200.0,995,,,,,,9-14-2021 5:30:00
1631590260.0,995,,3.92,,0.907,,9-14-2021 5:31:00
1631590320.0,995,,3.91,,0.916,,9-14-2021 5:32:00
1631590380.0,995,,3.94,1.11,0.906,0.906,9-14-2021 5:33:00
1631590440.0,995,,,1.09,,0.908,9-14-2021 5:34:00
1631590500.0,995,,,1.09,,0.924,9-14-2021 5:35:00
1631590560.0,995,,,,,,9-14-2021 5:36:00
1631590620.0,995,,3.96,,0.913,,9-14-2021 5:37:00
1631590680.0,995,,4.0,,0.921,,9-14-2021 5:38:00
1631590740.0,995,,4.03,1.05,0.92,0.921,9-14-2021 5:39:00
1631590800.0,995,,,1.09,,0.923,9-14-2021 5:40:00
1631590860.0,995,,,1.13,,0.92,9-14-2021 5:41:00
1631590920.0,995,,,,,,9-14-2021 5:42:00
1631590980.0,995,,3.97,,0.917,,9-14-2021 5:43:00
1631591040.0,995,,3.94,,0.915,,9-14-2021 5:44:00
1631591100.0,995,,3.99,,0.924,,9-14-2021 5:45:00
1631591160.0,995,,,1.07,,0.934,9-14-2021 5:46:00
1631591220.0,995,,,1.03,,0.933,9-14-2021 5:47:00
1631591280.0,995,,,1.1,,0.934,9-14-2021 5:48:00
1631591340.0,995,,,,,,9-14-2021 5:49:00
1631591400.0,995,,4.02,,0.919,,9-14-2021 5:50:00
1631591460.0,995,,3.99,,0.916,,9-14-2021 5:51:00
1631591520.0,995,,3.94,1.08,0.916,0.931,9-14-2021 5:52:00
1631591580.0,995,,,1.1,,0.931,9-14-2021 5:53:00
1631591640.0,995,,,1.1,,0.943,9-14-2021 5:54:00
1631591700.0,995,,,,,,9-14-2021 5:55:00
1631591760.0,995,,3.99,,0.919,,9-14-2021 5:56:00
1631591820.0,995,,3.85,,0.915,,9-14-2021 5:57:00
1631591880.0,995,,4.04,1.07,0.92,0.944,9-14-2021 5:58:00
1631591940.0,995,,,1.1,,0.936,9-14-2021 5:59:00
1631592000.0,995,,,1.1,,0.939,9-14-2021 6:00:00
1631592060.0,995,,,,,,9-14-2021 6:01:00
1631592120.0,995,,3.95,,0.911,,9-14-2021 6:02:00
1631592180.0,995,,3.99,,0.921,,9-14-2021 6:03:00
1631592240.0,995,,4.0,1.12,0.922,0.944,9-14-2021 6:04:00
1631592300.0,995,,,1.06,,0.946,9-14-2021 6:05:00
1631592360.0,995,,,1.09,,0.938,9-14-2021 6:06:00
1631592420.0,995,,,,,,9-14-2021 6:07:00
1631592480.0,995,,3.98,,0.922,,9-14-2021 6:08:00
1631592540.0,995,,4.02,,0.921,,9-14-2021 6:09:00
1631592600.0,995,,4.04,1.04,0.913,0.939,9-14-2021 6:10:00
1631592660.0,995,,,1.09,,0.944,9-14-2021 6:11:00
1631592720.0,995,,,1.09,,0.945,9-14-2021 6:12:00
1631592780.0,995,,,,,,9-14-2021 6:13:00
1631592840.0,995,,3.97,,0.916,,9-14-2021 6:14:00
1631592900.0,995,,3.96,,0.914,,9-14-2021 6:15:00
1631592960.0,995,,3.98,1.09,0.914,0.941,9-14-2021 6:16:00
1631593020.0,995,,,1.09,,0.953,9-14-2021 6:17:00
1631593080.0,995,,,1.09,,0.952,9-14-2021 6:18:00
1631593140.0,995,,,,,,9-14-2021 6:19:00
1631593200.0,995,,3.85,,0.916,,9-14-2021 6:20:00
1631593260.0,995,,3.98,,0.916,,9-14-2021 6:21:00
1631593320.0,995,,3.94,1.06,0.916,0.948,9-14-2021 6:22:00
1631593380.0,995,,,1.11,,0.943,9-14-2021 6:23:00
1631593440.0,995,,,1.12,,0.944,9-14-2021 6:24:00
1631593500.0,995,,,,,,9-14-2021 6:25:00
1631593560.0,995,,3.97,,0.921,,9-14-2021 6:26:00
1631593620.0,995,,3.8,,0.923,,9-14-2021 6:27:00
1631593680.0,995,,4.01,1.08,0.923,0.953,9-14-2021 6:28:00
1631593740.0,995,,,1.06,,0.939,9-14-2021 6:29:00
1631593800.0,995,,,1.11,,0.942,9-14-2021 6:30:00
1631593860.0,995,,,,,,9-14-2021 6:31:00
1631593920.0,995,,4.41,,0.945,,9-14-2021 6:32:00
1631593980.0,995,,4.4,,0.931,,9-14-2021 6:33:00
1631594040.0,995,,4.44,,0.971,,9-14-2021 6:34:00
1631594100.0,995,,4.44,1.12,0.971,0.772,9-14-2021 6:35:00
1631594160.0,995,,,1.07,,0.775,9-14-2021 6:36:00
1631594220.0,995,,,1.07,,0.778,9-14-2021 6:37:00
1631594280.0,995,,,,,,9-14-2021 6:38:00
1631594340.0,995,,4.03,,0.908,,9-14-2021 6:39:00
1631594400.0,995,,4.09,,0.907,,9-14-2021 6:40:00
1631594460.0,995,,4.1,1.08,0.902,0.812,9-14-2021 6:41:00
1631594520.0,995,,,1.11,,0.808,9-14-2021 6:42:00
1631594580.0,995,,,1.13,,0.816,9-14-2021 6:43:00
1631594640.0,995,,,,,,9-14-2021 6:44:00
1631594700.0,995,,3.98,,0.904,,9-14-2021 6:45:00
1631594760.0,995,,3.88,,0.901,,9-14-2021 6:46:00
1631594820.0,995,,4.05,1.15,0.898,0.836,9-14-2021 6:47:00
1631594880.0,995,,,1.16,,0.843,9-14-2021 6:48:00
1631594940.0,995,,,1.06,,0.843,9-14-2021 6:49:00
1631595000.0,995,,,,,,9-14-2021 6:50:00
1631595060.0,995,,3.98,,0.902,,9-14-2021 6:51:00
1631595120.0,995,,4.0,,0.904,,9-14-2021 6:52:00
1631595180.0,995,,3.9,1.09,0.898,0.882,9-14-2021 6:53:00
1631595240.0,995,,,1.06,,0.886,9-14-2021 6:54:00
1631595300.0,995,,,1.09,,0.876,9-14-2021 6:55:00
1631595360.0,995,,,,,,9-14-2021 6:56:00
1631595420.0,995,,4.18,,0.907,,9-14-2021 6:57:00
1631595480.0,995,,4.09,,0.901,,9-14-2021 6:58:00
1631595540.0,995,,4.12,1.09,0.907,0.888,9-14-2021 6:59:00
1631595600.0,995,,,1.09,,0.887,9-14-2021 7:00:00
1631595660.0,995,,,1.09,,0.9,9-14-2021 7:01:00
1631595720.0,995,,,,,,9-14-2021 7:02:00
1631595780.0,995,,4.06,,0.903,,9-14-2021 7:03:00
1631595840.0,995,,3.93,,0.908,,9-14-2021 7:04:00
1631595900.0,995,,4.03,1.07,0.907,0.899,9-14-2021 7:05:00
1631595960.0,995,,,1.14,,0.91,9-14-2021 7:06:00
1631596020.0,995,,,1.09,,0.906,9-14-2021 7:07:00
1631596080.0,995,,,,,,9-14-2021 7:08:00
1631596140.0,995,,4.0,,0.908,,9-14-2021 7:09:00
1631596200.0,995,,3.96,,0.912,,9-14-2021 7:10:00
1631596260.0,995,,3.97,,0.909,,9-14-2021 7:11:00
1631596320.0,995,,,1.03,,0.899,9-14-2021 7:12:00
1631596380.0,995,,,1.1,,0.902,9-14-2021 7:13:00
1631596440.0,995,,,1.11,,0.898,9-14-2021 7:14:00
1631596500.0,995,,,,,,9-14-2021 7:15:00
1631596560.0,995,,4.12,,0.907,,9-14-2021 7:16:00
1631596620.0,995,,3.99,,0.911,,9-14-2021 7:17:00
1631596680.0,995,,3.92,1.13,0.912,0.901,9-14-2021 7:18:00
1631596740.0,995,,,1.09,,0.898,9-14-2021 7:19:00
1631596800.0,995,,,1.08,,0.894,9-14-2021 7:20:00
1631596860.0,995,,,,,,9-14-2021 7:21:00
1631596920.0,995,,3.98,,0.906,,9-14-2021 7:22:00
1631596980.0,995,,4.07,,0.911,,9-14-2021 7:23:00
1631597040.0,995,,4.04,1.1,0.909,0.913,9-14-2021 7:24:00
1631597100.0,995,,,1.09,,0.915,9-14-2021 7:25:00
1631597160.0,995,,,1.09,,0.91,9-14-2021 7:26:00
1631597220.0,995,,,,,,9-14-2021 7:27:00
1631597280.0,995,,3.93,,0.912,,9-14-2021 7:28:00
1631597340.0,995,,4.03,,0.905,,9-14-2021 7:29:00
1631597400.0,995,,4.12,1.13,0.91,0.904,9-14-2021 7:30:00
1631597460.0,995,,,1.09,,0.909,9-14-2021 7:31:00
1631597520.0,995,,,1.04,,0.905,9-14-2021 7:32:00
1631597580.0,995,,,,,,9-14-2021 7:33:00
1631597640.0,995,,4.06,,0.909,,9-14-2021 7:34:00
1631597700.0,995,,3.92,,0.907,,9-14-2021 7:35:00
1631597760.0,995,,3.99,1.07,0.909,0.919,9-14-2021 7:36:00
1631597820.0,995,,,1.07,,0.915,9-14-2021 7:37:00
1631597880.0,995,,,1.06,,0.915,9-14-2021 7:38:00
1631597940.0,995,,,,,,9-14-2021 7:39:00
1631598000.0,995,,3.96,,0.912,,9-14-2021 7:40:00
1631598060.0,995,,3.98,,0.908,,9-14-2021 7:41:00
1631598120.0,995,,3.95,1.05,0.907,0.916,9-14-2021 7:42:00
1631598180.0,995,,,1.08,,0.912,9-14-2021 7:43:00
1631598240.0,995,,,1.08,,0.914,9-14-2021 7:44:00
1631598300.0,995,,,,,,9-14-2021 7:45:00
1631598360.0,995,,4.05,,0.905,,9-14-2021 7:46:00
1631598420.0,995,,4.0,,0.905,,9-14-2021 7:47:00
1631598480.0,995,,4.04,1.09,0.903,0.918,9-14-2021 7:48:00
1631598540.0,995,,,1.08,,0.916,9-14-2021 7:49:00
1631598600.0,995,,,1.07,,0.923,9-14-2021 7:50:00
1631598660.0,995,,,,,,9-14-2021 7:51:00
1631598720.0,995,,4.06,,0.902,,9-14-2021 7:52:00
1631598780.0,995,,3.95,,0.9,,9-14-2021 7:53:00
1631598840.0,995,,4.04,1.1,0.911,0.913,9-14-2021 7:54:00
1631598900.0,995,,,1.06,,0.917,9-14-2021 7:55:00
1631598960.0,995,,,1.07,,0.915,9-14-2021 7:56:00
1631599020.0,995,,,,,,9-14-2021 7:57:00
1631599080.0,995,,3.97,,0.907,,9-14-2021 7:58:00
1631599140.0,995,,4.04,,0.909,,9-14-2021 7:59:00
1631599200.0,995,,4.05,,0.909,,9-14-2021 8:00:00
1631599260.0,995,,4.05,1.08,0.909,0.922,9-14-2021 8:01:00
1631599320.0,995,,,1.07,,0.913,9-14-2021 8:02:00
1631599380.0,995,,,1.08,,0.919,9-14-2021 8:03:00
1631599440.0,995,,,,,,9-14-2021 8:04:00
1631599500.0,995,,4.01,,0.909,,9-14-2021 8:05:00
1631599560.0,995,,3.94,,0.907,,9-14-2021 8:06:00
1631599620.0,995,,4.03,1.09,0.911,0.918,9-14-2021 8:07:00
1631599680.0,995,,,1.1,,0.925,9-14-2021 8:08:00
1631599740.0,995,,,1.07,,0.924,9-14-2021 8:09:00
1631599800.0,995,,,,,,9-14-2021 8:10:00
1631599860.0,995,,3.84,,0.914,,9-14-2021 8:11:00
1631599920.0,995,,3.91,,0.906,,9-14-2021 8:12:00
1631599980.0,995,,3.8,1.03,0.911,0.912,9-14-2021 8:13:00
1631600040.0,995,,,1.03,,0.911,9-14-2021 8:14:00
1631600100.0,995,,,1.12,,0.91,9-14-2021 8:15:00
1631600160.0,995,,,,,,9-14-2021 8:16:00
1631600220.0,995,,4.08,,0.912,,9-14-2021 8:17:00
1631600280.0,995,,4.06,,0.91,,9-14-2021 8:18:00
1631600340.0,995,,4.01,1.09,0.909,0.916,9-14-2021 8:19:00
1631600400.0,995,,,1.07,,0.91,9-14-2021 8:20:00
1631600460.0,995,,,1.12,,0.915,9-14-2021 8:21:00
1631600520.0,995,,,,,,9-14-2021 8:22:00
1631600580.0,995,,4.04,,0.912,,9-14-2021 8:23:00
1631600640.0,995,,3.99,,0.909,,9-14-2021 8:24:00
1631600700.0,995,,4.06,1.1,0.91,0.921,9-14-2021 8:25:00
1631600760.0,995,,,1.09,,0.918,9-14-2021 8:26:00
1631600820.0,995,,,1.08,,0.921,9-14-2021 8:27:00
1631600880.0,995,,,,,,9-14-2021 8:28:00
1631600940.0,995,,3.98,,0.909,,9-14-2021 8:29:00
1631601000.0,995,,3.93,,0.912,,9-14-2021 8:30:00
1631601060.0,995,,3.98,1.08,0.914,0.922,9-14-2021 8:31:00
1631601120.0,995,,,1.12,,0.928,9-14-2021 8:32:00
1631601180.0,995,,,1.13,,0.935,9-14-2021 8:33:00
1631601240.0,995,,,,,,9-14-2021 8:34:00
1631601300.0,995,,3.94,,0.91,,9-14-2021 8:35:00
1631601360.0,995,,3.98,,0.911,,9-14-2021 8:36:00
1631601420.0,995,,4.07,,0.909,,9-14-2021 8:37:00
1631601480.0,995,,,1.07,,0.921,9-14-2021 8:38:00
1631601540.0,995,,,1.12,,0.928,9-14-2021 8:39:00
1631601600.0,995,,,1.05,,0.921,9-14-2021 8:40:00
1631601660.0,995,,,,,,9-14-2021 8:41:00
1631601720.0,995,,4.08,,0.909,,9-14-2021 8:42:00
1631601780.0,995,,4.01,,0.91,,9-14-2021 8:43:00
1631601840.0,995,,3.98,1.09,0.911,0.921,9-14-2021 8:44:00
1631601900.0,995,,,1.13,,0.928,9-14-2021 8:45:00
1631601960.0,995,,,1.1,,0.928,9-14-2021 8:46:00
1631602020.0,995,,,,,,9-14-2021 8:47:00
1631602080.0,995,,4.04,,0.914,,9-14-2021 8:48:00
1631602140.0,995,,4.15,,0.91,,9-14-2021 8:49:00
1631602200.0,995,,3.96,1.05,0.912,0.914,9-14-2021 8:50:00
1631602260.0,995,,,1.1,,0.92,9-14-2021 8:51:00
1631602320.0,995,,,1.12,,0.918,9-14-2021 8:52:00
1631602380.0,995,,,,,,9-14-2021 8:53:00
1631602440.0,995,,4.03,,0.909,,9-14-2021 8:54:00
1631602500.0,995,,4.0,,0.914,,9-14-2021 8:55:00
1631602560.0,995,,3.96,1.07,0.915,0.927,9-14-2021 8:56:00
1631602620.0,995,,,1.12,,0.927,9-14-2021 8:57:00
1631602680.0,995,,,1.08,,0.926,9-14-2021 8:58:00
1631602740.0,995,,,,,,9-14-2021 8:59:00
1631602800.0,995,,3.9,,0.907,,9-14-2021 9:00:00
1631602860.0,995,,3.93,,0.908,,9-14-2021 9:01:00
1631602920.0,995,,4.02,1.1,0.911,0.915,9-14-2021 9:02:00
1631602980.0,995,,,1.07,,0.917,9-14-2021 9:03:00
1631603040.0,995,,,1.07,,0.916,9-14-2021 9:04:00
1631603100.0,995,,,,,,9-14-2021 9:05:00
1631603160.0,995,,3.9,,0.913,,9-14-2021 9:06:00
1631603220.0,995,,3.98,,0.911,,9-14-2021 9:07:00
1631603280.0,995,,4.02,1.1,0.912,0.907,9-14-2021 9:08:00
1631603340.0,995,,,1.06,,0.904,9-14-2021 9:09:00
1631603400.0,995,,,1.16,,0.914,9-14-2021 9:10:00
1631603460.0,995,,,,,,9-14-2021 9:11:00
1631603520.0,995,,3.94,,0.912,,9-14-2021 9:12:00
1631603580.0,995,,4.07,,0.917,,9-14-2021 9:13:00
1631603640.0,995,,4.1,1.15,0.913,0.931,9-14-2021 9:14:00
1631603700.0,995,,,1.06,,0.928,9-14-2021 9:15:00
1631603760.0,995,,,1.21,,0.915,9-14-2021 9:16:00
1631603820.0,995,,,,,,9-14-2021 9:17:00
1631603880.0,995,,4.03,,0.909,,9-14-2021 9:18:00
1631603940.0,995,,4.08,,0.901,,9-14-2021 9:19:00
1631604000.0,995,,3.9,1.1,0.907,0.9,9-14-2021 9:20:00
1631604060.0,995,,,1.05,,0.901,9-14-2021 9:21:00
1631604120.0,995,,,1.08,,0.904,9-14-2021 9:22:00
1631604180.0,995,,,,,,9-14-2021 9:23:00
1631604240.0,995,,4.14,,0.908,,9-14-2021 9:24:00
1631604300.0,995,,4.13,,0.905,,9-14-2021 9:25:00
1631604360.0,995,,3.99,,0.906,,9-14-2021 9:26:00
1631604420.0,995,,3.99,1.08,0.906,0.91,9-14-2021 9:27:00
1631604480.0,995,,,1.13,,0.919,9-14-2021 9:28:00
1631604540.0,995,,,1.08,,0.915,9-14-2021 9:29:00
1631604600.0,995,,,,,,9-14-2021 9:30:00
1631604660.0,995,,4.05,,0.91,,9-14-2021 9:31:00
1631604720.0,995,,4.06,,0.91,,9-14-2021 9:32:00
1631604780.0,995,,3.94,1.07,0.911,0.918,9-14-2021 9:33:00
1631604840.0,995,,,1.04,,0.914,9-14-2021 9:34:00
1631604900.0,995,,,1.07,,0.912,9-14-2021 9:35:00
1631604960.0,995,,,,,,9-14-2021 9:36:00
1631605020.0,995,,4.05,,0.916,,9-14-2021 9:37:00
1631605080.0,995,,3.98,,0.909,,9-14-2021 9:38:00
1631605140.0,995,,4.0,1.12,0.913,0.919,9-14-2021 9:39:00
1631605200.0,995,,,1.13,,0.916,9-14-2021 9:40:00
1631605260.0,995,,,1.09,,0.915,9-14-2021 9:41:00
1631605320.0,995,,,,,,9-14-2021 9:42:00
1631605380.0,995,,4.01,,0.913,,9-14-2021 9:43:00
1631605440.0,995,,4.08,,0.915,,9-14-2021 9:44:00
1631605500.0,995,,3.95,1.09,0.909,0.921,9-14-2021 9:45:00
1631605560.0,995,,,1.09,,0.918,9-14-2021 9:46:00
1631605620.0,995,,,1.06,,0.915,9-14-2021 9:47:00
1631605680.0,995,,,,,,9-14-2021 9:48:00
1631605740.0,995,,4.05,,0.912,,9-14-2021 9:49:00
1631605800.0,995,,4.09,,0.912,,9-14-2021 9:50:00
1631605860.0,995,,4.1,1.07,0.906,0.924,9-14-2021 9:51:00
1631605920.0,995,,,1.09,,0.926,9-14-2021 9:52:00
1631605980.0,995,,,1.15,,0.933,9-14-2021 9:53:00
1631606040.0,995,,,,,,9-14-2021 9:54:00
1631606100.0,995,,4.1,,0.916,,9-14-2021 9:55:00
1631606160.0,995,,4.09,,0.912,,9-14-2021 9:56:00
1631606220.0,995,,3.99,1.12,0.91,0.922,9-14-2021 9:57:00
1631606280.0,995,,,1.1,,0.924,9-14-2021 9:58:00
1631606340.0,995,,,1.13,,0.927,9-14-2021 9:59:00
1631606400.0,995,,,,,,9-14-2021 10:00:00
1631606460.0,995,,4.03,,0.908,,9-14-2021 10:01:00
1631606520.0,995,,4.02,,0.909,,9-14-2021 10:02:00
1631606580.0,995,,4.12,,0.905,,9-14-2021 10:03:00
1631606640.0,995,,,1.09,,0.918,9-14-2021 10:04:00
1631606700.0,995,,,1.07,,0.919,9-14-2021 10:05:00
1631606760.0,995,,,1.11,,0.923,9-14-2021 10:06:00
1631606820.0,995,,,,,,9-14-2021 10:07:00
1631606880.0,995,,4.64,,0.936,,9-14-2021 10:08:00
1631606940.0,995,,4.65,,0.99,,9-14-2021 10:09:00
1631607000.0,995,,4.32,1.14,0.96,0.763,9-14-2021 10:10:00
1631607060.0,995,,,1.16,,0.728,9-14-2021 10:11:00
1631607120.0,995,,,1.19,,0.728,9-14-2021 10:12:00
1631607180.0,995,,,,,,9-14-2021 10:13:00
1631607240.0,995,,4.1,,0.897,,9-14-2021 10:14:00
1631607300.0,995,,4.6,,0.957,,9-14-2021 10:15:00
1631607360.0,995,,4.02,1.09,0.895,0.733,9-14-2021 10:16:00
1631607420.0,995,,,1.14,,0.733,9-14-2021 10:17:00
1631607480.0,995,,,1.11,,0.733,9-14-2021 10:18:00
1631607540.0,995,,,,,,9-14-2021 10:19:00
1631607600.0,995,,4.05,,0.904,,9-14-2021 10:20:00
1631607660.0,995,,4.08,,0.906,,9-14-2021 10:21:00
1631607720.0,995,,4.06,1.11,0.899,0.76,9-14-2021 10:22:00
1631607780.0,995,,,1.09,,0.76,9-14-2021 10:23:00
1631607840.0,995,,,1.12,,0.768,9-14-2021 10:24:00
1631607900.0,995,,,,,,9-14-2021 10:25:00
1631607960.0,995,,4.01,,0.903,,9-14-2021 10:26:00
1631608020.0,995,,3.99,,0.903,,9-14-2021 10:27:00
1631608080.0,995,,4.03,1.07,0.906,0.785,9-14-2021 10:28:00
1631608140.0,995,,,1.13,,0.79,9-14-2021 10:29:00
1631608200.0,995,,,1.08,,0.786,9-14-2021 10:30:00
1631608260.0,995,,,,,,9-14-2021 10:31:00
1631608320.0,995,,4.02,,0.907,,9-14-2021 10:32:00
1631608380.0,995,,4.15,,0.904,,9-14-2021 10:33:00
1631608440.0,995,,4.08,1.06,0.905,0.803,9-14-2021 10:34:00
1631608500.0,995,,,1.08,,0.803,9-14-2021 10:35:00
1631608560.0,995,,,1.08,,0.802,9-14-2021 10:36:00
1631608620.0,995,,,,,,9-14-2021 10:37:00
1631608680.0,995,,4.19,,0.909,,9-14-2021 10:38:00
1631608740.0,995,,3.98,,0.911,,9-14-2021 10:39:00
1631608800.0,995,,4.13,1.08,0.917,0.818,9-14-2021 10:40:00
1631608860.0,995,,,1.08,,0.819,9-14-2021 10:41:00
1631608920.0,995,,,1.13,,0.814,9-14-2021 10:42:00
1631608980.0,995,,,,,,9-14-2021 10:43:00
1631609040.0,995,,4.06,,0.912,,9-14-2021 10:44:00
1631609100.0,995,,3.98,,0.911,,9-14-2021 10:45:00
1631609160.0,995,,4.07,1.07,0.911,0.823,9-14-2021 10:46:00
1631609220.0,995,,,1.07,,0.834,9-14-2021 10:47:00
1631609280.0,995,,,1.09,,0.831,9-14-2021 10:48:00
1631609340.0,995,,,,,,9-14-2021 10:49:00
1631609400.0,995,,4.11,,0.906,,9-14-2021 10:50:00
1631609460.0,995,,4.02,,0.908,,9-14-2021 10:51:00
1631609520.0,995,,3.95,,0.907,,9-14-2021 10:52:00
1631609580.0,995,,,1.09,,0.851,9-14-2021 10:53:00
1631609640.0,995,,,1.06,,0.853,9-14-2021 10:54:00
1631609700.0,995,,,1.09,,0.846,9-14-2021 10:55:00
1631609760.0,995,,,,,,9-14-2021 10:56:00
1631609820.0,995,,4.15,,0.906,,9-14-2021 10:57:00
1631609880.0,995,,4.17,,0.905,,9-14-2021 10:58:00
1631609940.0,995,,3.97,1.05,0.911,0.855,9-14-2021 10:59:00
1631610000.0,995,,,1.09,,0.851,9-14-2021 11:00:00
1631610060.0,995,,,1.11,,0.847,9-14-2021 11:01:00
1631610120.0,995,,,,,,9-14-2021 11:02:00
1631610180.0,995,,4.02,,0.919,,9-14-2021 11:03:00
1631610240.0,995,,4.09,,0.913,,9-14-2021 11:04:00
1631610300.0,995,,4.17,1.1,0.914,0.863,9-14-2021 11:05:00
1631610360.0,995,,,1.14,,0.864,9-14-2021 11:06:00
1631610420.0,995,,,1.1,,0.864,9-14-2021 11:07:00
1631610480.0,995,,,,,,9-14-2021 11:08:00
1631610540.0,995,,4.05,,0.916,,9-14-2021 11:09:00
1631610600.0,995,,4.07,,0.913,,9-14-2021 11:10:00
1631610660.0,995,,3.98,1.09,0.913,0.87,9-14-2021 11:11:00
1631610720.0,995,,,1.07,,0.878,9-14-2021 11:12:00
1631610780.0,995,,,1.11,,0.872,9-14-2021 11:13:00
1631610840.0,995,,,,,,9-14-2021 11:14:00
1631610900.0,995,,3.98,,0.907,,9-14-2021 11:15:00
1631610960.0,995,,4.02,,0.911,,9-14-2021 11:16:00
1631611020.0,995,,4.14,1.08,0.917,0.874,9-14-2021 11:17:00
1631611080.0,995,,,1.14,,0.877,9-14-2021 11:18:00
1631611140.0,995,,,1.09,,0.884,9-14-2021 11:19:00
1631611200.0,995,,,,,,9-14-2021 11:20:00
1631611260.0,995,,4.07,,0.921,,9-14-2021 11:21:00
1631611320.0,995,,4.01,,0.916,,9-14-2021 11:22:00
1631611380.0,995,,4.04,1.06,0.922,0.893,9-14-2021 11:23:00
1631611440.0,995,,,1.12,,0.885,9-14-2021 11:24:00
1631611500.0,995,,,1.19,,0.892,9-14-2021 11:25:00
1631611560.0,995,,,,,,9-14-2021 11:26:00
1631611620.0,995,,4.17,,0.919,,9-14-2021 11:27:00
1631611680.0,995,,4.04,,0.918,,9-14-2021 11:28:00
1631611740.0,995,,3.96,,0.919,,9-14-2021 11:29:00
1631611800.0,995,,,1.09,,0.889,9-14-2021 11:30:00
1631611860.0,995,,,1.11,,0.896,9-14-2021 11:31:00
1631611920.0,995,,,1.15,,0.893,9-14-2021 11:32:00
1631611980.0,995,,,,,,9-14-2021 11:33:00
1631612040.0,995,,4.06,,0.923,,9-14-2021 11:34:00
1631612100.0,995,,4.02,,0.912,,9-14-2021 11:35:00
1631612160.0,995,,3.94,1.12,0.919,0.904,9-14-2021 11:36:00
1631612220.0,995,,,1.1,,0.909,9-14-2021 11:37:00
1631612280.0,995,,,1.08,,0.915,9-14-2021 11:38:00
1631612340.0,995,,,,,,9-14-2021 11:39:00
1631612400.0,995,,3.99,,0.914,,9-14-2021 11:40:00
1631612460.0,995,,3.94,,0.917,,9-14-2021 11:41:00
1631612520.0,995,,4.06,1.1,0.919,0.9,9-14-2021 11:42:00
1631612580.0,995,,,1.09,,0.902,9-14-2021 11:43:00
1631612640.0,995,,,1.14,,0.899,9-14-2021 11:44:00
1631612700.0,995,,,,,,9-14-2021 11:45:00
1631612760.0,995,,4.17,,0.917,,9-14-2021 11:46:00
1631612820.0,995,,3.94,,0.918,,9-14-2021 11:47:00
1631612880.0,995,,3.89,1.09,0.917,0.917,9-14-2021 11:48:00
1631612940.0,995,,,1.13,,0.925,9-14-2021 11:49:00
1631613000.0,995,,,1.1,,0.921,9-14-2021 11:50:00
1631613060.0,995,,,,,,9-14-2021 11:51:00
1631613120.0,995,,4.18,,0.929,,9-14-2021 11:52:00
1631613180.0,995,,3.92,,0.92,,9-14-2021 11:53:00
1631613240.0,995,,4.03,1.13,0.92,0.91,9-14-2021 11:54:00
1631613300.0,995,,,1.1,,0.912,9-14-2021 11:55:00
1631613360.0,995,,,1.13,,0.919,9-14-2021 11:56:00
1631613420.0,995,,,,,,9-14-2021 11:57:00
1631613480.0,995,,4.05,,0.921,,9-14-2021 11:58:00
1631613540.0,995,,3.94,,0.921,,9-14-2021 11:59:00
1631613600.0,995,,4.0,1.1,0.924,0.909,9-14-2021 12:00:00
1631613660.0,995,,,1.11,,0.911,9-14-2021 12:01:00
1631613720.0,995,,,1.14,,0.919,9-14-2021 12:02:00
1631613780.0,995,,,,,,9-14-2021 12:03:00
1631613840.0,995,,3.97,,0.92,,9-14-2021 12:04:00
1631613900.0,995,,4.02,,0.923,,9-14-2021 12:05:00
1631613960.0,995,,3.97,1.19,0.924,0.929,9-14-2021 12:06:00
1631614020.0,995,,,1.15,,0.918,9-14-2021 12:07:00
1631614080.0,995,,,1.08,,0.924,9-14-2021 12:08:00
1631614140.0,995,,,,,,9-14-2021 12:09:00
1631614200.0,995,,4.01,,0.925,,9-14-2021 12:10:00
1631614260.0,995,,3.91,,0.929,,9-14-2021 12:11:00
1631614320.0,995,,4.03,1.1,0.918,0.924,9-14-2021 12:12:00
1631614380.0,995,,,1.1,,0.924,9-14-2021 12:13:00
1631614440.0,995,,,1.09,,0.93,9-14-2021 12:14:00
1631614500.0,995,,,,,,9-14-2021 12:15:00
1631614560.0,995,,4.03,,0.917,,9-14-2021 12:16:00
1631614620.0,995,,3.96,,0.924,,9-14-2021 12:17:00
1631614680.0,995,,3.98,,0.924,,9-14-2021 12:18:00
1631614740.0,995,,4.16,1.11,0.933,0.924,9-14-2021 12:19:00
1631614800.0,995,,,1.09,,0.928,9-14-2021 12:20:00
1631614860.0,995,,,1.06,,0.932,9-14-2021 12:21:00
1631614920.0,995,,,,,,9-14-2021 12:22:00
1631614980.0,995,,4.03,,0.927,,9-14-2021 12:23:00
1631615040.0,995,,3.98,,0.926,,9-14-2021 12:24:00
1631615100.0,995,,4.01,1.12,0.928,0.924,9-14-2021 12:25:00
1631615160.0,995,,,1.08,,0.937,9-14-2021 12:26:00
1631615220.0,995,,,1.07,,0.939,9-14-2021 12:27:00
1631615280.0,995,,,,,,9-14-2021 12:28:00
1631615340.0,995,,4.16,,0.935,,9-14-2021 12:29:00
1631615400.0,995,,4.06,,0.926,,9-14-2021 12:30:00
1631615460.0,995,,4.0,1.1,0.926,0.938,9-14-2021 12:31:00
1631615520.0,995,,,1.09,,0.951,9-14-2021 12:32:00
1631615580.0,995,,,1.11,,0.948,9-14-2021 12:33:00
1631615640.0,995,,,,,,9-14-2021 12:34:00
1631615700.0,995,,4.1,,0.926,,9-14-2021 12:35:00
1631615760.0,995,,4.03,,0.925,,9-14-2021 12:36:00
1631615820.0,995,,4.0,1.05,0.921,0.93,9-14-2021 12:37:00
1631615880.0,995,,,1.14,,0.943,9-14-2021 12:38:00
1631615940.0,995,,,1.13,,0.941,9-14-2021 12:39:00
1631616000.0,995,,,,,,9-14-2021 12:40:00
1631616060.0,995,,4.06,,0.929,,9-14-2021 12:41:00
1631616120.0,995,,3.92,,0.93,,9-14-2021 12:42:00
1631616180.0,995,,4.11,1.07,0.927,0.949,9-14-2021 12:43:00
1631616240.0,995,,,1.04,,0.947,9-14-2021 12:44:00
1631616300.0,995,,,1.13,,0.941,9-14-2021 12:45:00
1631616360.0,995,,,,,,9-14-2021 12:46:00
1631616420.0,995,,4.01,,0.93,,9-14-2021 12:47:00
1631616480.0,995,,4.0,,0.922,,9-14-2021 12:48:00
1631616540.0,995,,4.06,1.13,0.926,0.939,9-14-2021 12:49:00
1631616600.0,995,,,1.08,,0.938,9-14-2021 12:50:00
1631616660.0,995,,,1.09,,0.94,9-14-2021 12:51:00
1631616720.0,995,,,,,,9-14-2021 12:52:00
1631616780.0,995,,4.1,,0.924,,9-14-2021 12:53:00
1631616840.0,995,,4.12,,0.928,,9-14-2021 12:54:00
1631616900.0,995,,4.09,,0.924,,9-14-2021 12:55:00
1631616960.0,995,,,1.08,,0.947,9-14-2021 12:56:00
1631617020.0,995,,,1.1,,0.949,9-14-2021 12:57:00
1631617080.0,995,,,1.1,,0.949,9-14-2021 12:58:00
1631617140.0,995,,,,,,9-14-2021 12:59:00
1631617200.0,995,,4.05,,0.931,,9-14-2021 13:00:00
1631617260.0,995,,3.92,,0.933,,9-14-2021 13:01:00
1631617320.0,995,,3.97,1.12,0.929,0.966,9-14-2021 13:02:00
1631617380.0,995,,,1.08,,0.965,9-14-2021 13:03:00
1631617440.0,995,,,1.11,,0.96,9-14-2021 13:04:00
1631617500.0,995,,,,,,9-14-2021 13:05:00
1631617560.0,995,,4.04,,0.931,,9-14-2021 13:06:00
1631617620.0,995,,3.98,,0.927,,9-14-2021 13:07:00
1631617680.0,995,,4.13,1.07,0.934,0.963,9-14-2021 13:08:00
1631617740.0,995,,,1.08,,0.957,9-14-2021 13:09:00
1631617800.0,995,,,1.1,,0.955,9-14-2021 13:10:00
1631617860.0,995,,,,,,9-14-2021 13:11:00
1631617920.0,995,,3.98,,0.929,,9-14-2021 13:12:00
1631617980.0,995,,3.92,,0.933,,9-14-2021 13:13:00
1631618040.0,995,,4.15,1.11,0.928,0.95,9-14-2021 13:14:00
1631618100.0,995,,,1.12,,0.947,9-14-2021 13:15:00
1631618160.0,995,,,1.08,,0.948,9-14-2021 13:16:00
1631618220.0,995,,,,,,9-14-2021 13:17:00
1631618280.0,995,,4.04,,0.927,,9-14-2021 13:18:00
1631618340.0,995,,4.12,,0.932,,9-14-2021 13:19:00
1631618400.0,995,,4.2,1.09,0.928,0.948,9-14-2021 13:20:00
1631618460.0,995,,,1.11,,0.945,9-14-2021 13:21:00
1631618520.0,995,,,1.05,,0.945,9-14-2021 13:22:00
1631618580.0,995,,,,,,9-14-2021 13:23:00
1631618640.0,995,,3.99,,0.928,,9-14-2021 13:24:00
1631618700.0,995,,4.06,,0.93,,9-14-2021 13:25:00
1631618760.0,995,,3.98,1.09,0.927,0.951,9-14-2021 13:26:00
1631618820.0,995,,,1.04,,0.948,9-14-2021 13:27:00
1631618880.0,995,,,1.13,,0.948,9-14-2021 13:28:00
1631618940.0,995,,,,,,9-14-2021 13:29:00
1631619000.0,995,,4.05,,0.925,,9-14-2021 13:30:00
1631619060.0,995,,3.89,,0.922,,9-14-2021 13:31:00
1631619120.0,995,,4.1,1.08,0.927,0.936,9-14-2021 13:32:00
1631619180.0,995,,,1.06,,0.937,9-14-2021 13:33:00
1631619240.0,995,,,1.17,,0.937,9-14-2021 13:34:00
1631619300.0,995,,,,,,9-14-2021 13:35:00
1631619360.0,995,,4.03,,0.918,,9-14-2021 13:36:00
1631619420.0,995,,4.07,,0.929,,9-14-2021 13:37:00
1631619480.0,995,,3.97,1.13,0.921,0.926,9-14-2021 13:38:00
1631619540.0,995,,,1.09,,0.923,9-14-2021 13:39:00
1631619600.0,995,,,1.16,,0.922,9-14-2021 13:40:00
1631619660.0,995,,,,,,9-14-2021 13:41:00
1631619720.0,995,,4.01,,0.925,,9-14-2021 13:42:00
1631619780.0,995,,4.11,,0.927,,9-14-2021 13:43:00
1631619840.0,995,,3.94,,0.931,,9-14-2021 13:44:00
1631619900.0,995,,4.07,1.07,0.924,0.927,9-14-2021 13:45:00
1631619960.0,995,,,1.14,,0.935,9-14-2021 13:46:00
1631620020.0,995,,,1.1,,0.933,9-14-2021 13:47:00
1631620080.0,995,,,,,,9-14-2021 13:48:00
1631620140.0,995,,4.12,,0.918,,9-14-2021 13:49:00
1631620200.0,995,,4.01,,0.931,,9-14-2021 13:50:00
1631620260.0,995,,4.01,1.09,0.919,0.938,9-14-2021 13:51:00
1631620320.0,995,,,1.08,,0.929,9-14-2021 13:52:00
1631620380.0,995,,,1.07,,0.929,9-14-2021 13:53:00
1631620440.0,995,,,,,,9-14-2021 13:54:00
1631620500.0,995,,3.96,,0.922,,9-14-2021 13:55:00
1631620560.0,995,,3.92,,0.908,,9-14-2021 13:56:00
1631620620.0,995,,4.13,1.09,0.924,0.943,9-14-2021 13:57:00
1631620680.0,995,,,1.08,,0.936,9-14-2021 13:58:00
1631620740.0,995,,,1.08,,0.933,9-14-2021 13:59:00
1631620800.0,995,,,,,,9-14-2021 14:00:00
1631620860.0,995,,3.89,,0.927,,9-14-2021 14:01:00
1631620920.0,995,,4.05,,0.924,,9-14-2021 14:02:00
1631620980.0,995,,3.93,1.15,0.917,0.929,9-14-2021 14:03:00
1631621040.0,995,,,1.08,,0.93,9-14-2021 14:04:00
1631621100.0,995,,,1.09,,0.935,9-14-2021 14:05:00
1631621160.0,995,,,,,,9-14-2021 14:06:00
1631621220.0,995,,4.04,,0.924,,9-14-2021 14:07:00
1631621280.0,995,,4.05,,0.921,,9-14-2021 14:08:00
1631621340.0,995,,3.95,1.1,0.93,0.938,9-14-2021 14:09:00
1631621400.0,995,,,1.1,,0.94,9-14-2021 14:10:00
1631621460.0,995,,,1.06,,0.946,9-14-2021 14:11:00
1631621520.0,995,,,,,,9-14-2021 14:12:00
1631621580.0,995,,4.11,,0.927,,9-14-2021 14:13:00
1631621640.0,995,,3.92,,0.924,,9-14-2021 14:14:00
1631621700.0,995,,4.08,1.13,0.924,0.933,9-14-2021 14:15:00
1631621760.0,995,,,1.1,,0.937,9-14-2021 14:16:00
1631621820.0,995,,,1.09,,0.926,9-14-2021 14:17:00
1631621880.0,995,,,,,,9-14-2021 14:18:00
1631621940.0,995,,3.94,,0.923,,9-14-2021 14:19:00
1631622000.0,995,,4.02,,0.92,,9-14-2021 14:20:00
1631622060.0,995,,4.07,,0.918,,9-14-2021 14:21:00
1631622120.0,995,,,1.07,,0.942,9-14-2021 14:22:00
1631622180.0,995,,,1.08,,0.935,9-14-2021 14:23:00
1631622240.0,995,,,1.08,,0.941,9-14-2021 14:24:00
1631622300.0,995,,,,,,9-14-2021 14:25:00
1631622360.0,995,,3.98,,0.928,,9-14-2021 14:26:00
1631622420.0,995,,3.96,,0.922,,9-14-2021 14:27:00
1631622480.0,995,,4.05,1.12,0.925,0.931,9-14-2021 14:28:00
1631622540.0,995,,,1.1,,0.934,9-14-2021 14:29:00
1631622600.0,995,,,1.1,,0.932,9-14-2021 14:30:00
1631622660.0,995,,,,,,9-14-2021 14:31:00
1631622720.0,995,,4.0,,0.916,,9-14-2021 14:32:00
1631622780.0,995,,3.96,,0.918,,9-14-2021 14:33:00
1631622840.0,995,,4.06,1.08,0.918,0.928,9-14-2021 14:34:00
1631622900.0,995,,,1.11,,0.932,9-14-2021 14:35:00
1631622960.0,995,,,1.05,,0.936,9-14-2021 14:36:00
1631623020.0,995,,,,,,9-14-2021 14:37:00
1631623080.0,995,,3.97,,0.91,,9-14-2021 14:38:00
1631623140.0,995,,4.11,,0.915,,9-14-2021 14:39:00
1631623200.0,995,,4.1,1.08,0.917,0.936,9-14-2021 14:40:00
1631623260.0,995,,,1.07,,0.935,9-14-2021 14:41:00
1631623320.0,995,,,1.15,,0.936,9-14-2021 14:42:00
1631623380.0,995,,,,,,9-14-2021 14:43:00
1631623440.0,995,,3.97,,0.914,,9-14-2021 14:44:00
1631623500.0,995,,3.95,,0.911,,9-14-2021 14:45:00
1631623560.0,995,,3.9,1.11,0.913,0.928,9-14-2021 14:46:00
1631623620.0,995,,,1.08,,0.947,9-14-2021 14:47:00
1631623680.0,995,,,1.11,,0.934,9-14-2021 14:48:00
1631623740.0,995,,,,,,9-14-2021 14:49:00
1631623800.0,995,,4.11,,0.934,,9-14-2021 14:50:00
1631623860.0,995,,4.11,,0.93,,9-14-2021 14:51:00
1631623920.0,995,,4.06,1.11,0.928,0.924,9-14-2021 14:52:00
1631623980.0,995,,,1.07,,0.933,9-14-2021 14:53:00
1631624040.0,995,,,1.12,,0.936,9-14-2021 14:54:00
1631624100.0,995,,,,,,9-14-2021 14:55:00
1631624160.0,995,,4.03,,0.918,,9-14-2021 14:56:00
1631624220.0,995,,4.08,,0.916,,9-14-2021 14:57:00
1631624280.0,995,,4.11,1.1,0.922,0.923,9-14-2021 14:58:00
1631624340.0,995,,,1.07,,0.93,9-14-2021 14:59:00
1631624400.0,995,,,1.09,,0.941,9-14-2021 15:00:00
1631624460.0,995,,,,,,9-14-2021 15:01:00
1631624520.0,995,,3.93,,0.918,,9-14-2021 15:02:00
1631624580.0,995,,4.15,,0.92,,9-14-2021 15:03:00
1631624640.0,995,,3.94,1.12,0.92,0.928,9-14-2021 15:04:00
1631624700.0,995,,,1.08,,0.937,9-14-2021 15:05:00
1631624760.0,995,,,1.09,,0.941,9-14-2021 15:06:00
1631624820.0,995,,,,,,9-14-2021 15:07:00
1631624880.0,995,,4.0,,0.917,,9-14-2021 15:08:00
1631624940.0,995,,3.98,,0.918,,9-14-2021 15:09:00
1631625000.0,995,,3.97,,0.918,,9-14-2021 15:10:00
1631625060.0,995,,4.01,1.1,0.917,0.934,9-14-2021 15:11:00
1631625120.0,995,,,1.13,,0.947,9-14-2021 15:12:00
1631625180.0,995,,,1.13,,0.931,9-14-2021 15:13:00
1631625240.0,995,,,,,,9-14-2021 15:14:00
1631625300.0,995,,4.03,,0.924,,9-14-2021 15:15:00
1631625360.0,995,,4.09,,0.913,,9-14-2021 15:16:00
1631625420.0,995,,4.02,1.08,0.912,0.923,9-14-2021 15:17:00
1631625480.0,995,,,1.11,,0.931,9-14-2021 15:18:00
1631625540.0,995,,,1.09,,0.926,9-14-2021 15:19:00
1631625600.0,995,,,,,,9-14-2021 15:20:00
1631625660.0,995,,4.04,,0.927,,9-14-2021 15:21:00
1631625720.0,995,,3.92,,0.931,,9-14-2021 15:22:00
1631625780.0,995,,4.1,1.1,0.915,0.934,9-14-2021 15:23:00
1631625840.0,995,,,1.09,,0.936,9-14-2021 15:24:00
1631625900.0,995,,,1.12,,0.936,9-14-2021 15:25:00
1631625960.0,995,,,,,,9-14-2021 15:26:00
1631626020.0,995,,3.87,,0.924,,9-14-2021 15:27:00
1631626080.0,995,,4.1,,0.917,,9-14-2021 15:28:00
1631626140.0,995,,4.06,1.11,0.916,0.936,9-14-2021 15:29:00
1631626200.0,995,,,1.08,,0.941,9-14-2021 15:30:00
1631626260.0,995,,,1.11,,0.944,9-14-2021 15:31:00
1631626320.0,995,,,,,,9-14-2021 15:32:00
1631626380.0,995,,3.95,,0.924,,9-14-2021 15:33:00
1631626440.0,995,,4.0,,0.924,,9-14-2021 15:34:00
1631626500.0,995,,4.09,1.15,0.922,0.937,9-14-2021 15:35:00
1631626560.0,995,,,1.1,,0.92,9-14-2021 15:36:00
1631626620.0,995,,,1.08,,0.924,9-14-2021 15:37:00
1631626680.0,995,,,,,,9-14-2021 15:38:00
1631626740.0,995,,3.99,,0.927,,9-14-2021 15:39:00
1631626800.0,995,,4.1,,0.919,,9-14-2021 15:40:00
1631626860.0,995,,4.04,1.13,0.922,0.946,9-14-2021 15:41:00
1631626920.0,995,,,1.11,,0.959,9-14-2021 15:42:00
1631626980.0,995,,,1.13,,0.946,9-14-2021 15:43:00
1631627040.0,995,,,,,,9-14-2021 15:44:00
1631627100.0,995,,4.01,,0.925,,9-14-2021 15:45:00
1631627160.0,995,,4.14,,0.927,,9-14-2021 15:46:00
1631627220.0,995,,4.12,,0.927,,9-14-2021 15:47:00
1631627280.0,995,,,1.06,,0.932,9-14-2021 15:48:00
1631627340.0,995,,,1.07,,0.93,9-14-2021 15:49:00
1631627400.0,995,,,1.04,,0.938,9-14-2021 15:50:00
1631627460.0,995,,,,,,9-14-2021 15:51:00
1631627520.0,995,,4.08,,0.925,,9-14-2021 15:52:00
1631627580.0,995,,3.97,,0.926,,9-14-2021 15:53:00
1631627640.0,995,,3.99,1.05,0.924,0.951,9-14-2021 15:54:00
1631627700.0,995,,,1.14,,0.941,9-14-2021 15:55:00
1631627760.0,995,,,1.12,,0.946,9-14-2021 15:56:00
1631627820.0,995,,,,,,9-14-2021 15:57:00
1631627880.0,995,,4.15,,0.925,,9-14-2021 15:58:00
1631627940.0,995,,4.14,,0.931,,9-14-2021 15:59:00
1631628000.0,995,,4.02,1.05,0.929,0.931,9-14-2021 16:00:00
1631628060.0,995,,,1.06,,0.928,9-14-2021 16:01:00
1631628120.0,995,,,1.1,,0.925,9-14-2021 16:02:00
1631628180.0,995,,,,,,9-14-2021 16:03:00
1631628240.0,995,,4.02,,0.919,,9-14-2021 16:04:00
1631628300.0,995,,4.07,,0.922,,9-14-2021 16:05:00
1631628360.0,995,,4.08,1.07,0.922,0.945,9-14-2021 16:06:00
1631628420.0,995,,,1.06,,0.946,9-14-2021 16:07:00
1631628480.0,995,,,1.09,,0.943,9-14-2021 16:08:00
1631628540.0,995,,,,,,9-14-2021 16:09:00
1631628600.0,995,,4.14,,0.928,,9-14-2021 16:10:00
1631628660.0,995,,4.11,,0.926,,9-14-2021 16:11:00
1631628720.0,995,,3.99,1.08,0.924,0.947,9-14-2021 16:12:00
1631628780.0,995,,,1.11,,0.942,9-14-2021 16:13:00
1631628840.0,995,,,1.08,,0.931,9-14-2021 16:14:00
1631628900.0,995,,,,,,9-14-2021 16:15:00
1631628960.0,995,,4.05,,0.924,,9-14-2021 16:16:00
1631629020.0,995,,3.98,,0.925,,9-14-2021 16:17:00
1631629080.0,995,,4.08,1.08,0.924,0.931,9-14-2021 16:18:00
1631629140.0,995,,,1.11,,0.926,9-14-2021 16:19:00
1631629200.0,995,,,1.1,,0.942,9-14-2021 16:20:00
1631629260.0,995,,,,,,9-14-2021 16:21:00
1631629320.0,995,,3.97,,0.926,,9-14-2021 16:22:00
1631629380.0,995,,4.07,,0.922,,9-14-2021 16:23:00
1631629440.0,995,,4.05,1.09,0.923,0.965,9-14-2021 16:24:00
1631629500.0,995,,,1.08,,0.955,9-14-2021 16:25:00
1631629560.0,995,,,1.07,,0.963,9-14-2021 16:26:00
1631629620.0,995,,,,,,9-14-2021 16:27:00
1631629680.0,995,,4.03,,0.923,,9-14-2021 16:28:00
1631629740.0,995,,4.14,,0.93,,9-14-2021 16:29:00
1631629800.0,995,,4.15,1.08,0.924,0.957,9-14-2021 16:30:00
1631629860.0,995,,,1.09,,0.949,9-14-2021 16:31:00
1631629920.0,995,,,1.12,,0.942,9-14-2021 16:32:00
1631629980.0,995,,,,,,9-14-2021 16:33:00
1631630040.0,995,,3.93,,0.927,,9-14-2021 16:34:00
1631630100.0,995,,4.05,,0.93,,9-14-2021 16:35:00
1631630160.0,995,,4.09,,0.923,,9-14-2021 16:36:00
1631630220.0,995,,3.85,1.09,0.926,0.94,9-14-2021 16:37:00
1631630280.0,995,,,1.17,,0.907,9-14-2021 16:38:00
1631630340.0,995,,,1.09,,0.9,9-14-2021 16:39:00
1631630400.0,995,,,,,,9-14-2021 16:40:00
1631630460.0,995,,4.07,,0.924,,9-14-2021 16:41:00
1631630520.0,995,,3.91,,0.925,,9-14-2021 16:42:00
1631630580.0,995,,3.98,1.1,0.922,0.924,9-14-2021 16:43:00
1631630640.0,995,,,1.1,,0.929,9-14-2021 16:44:00
1631630700.0,995,,,1.11,,0.923,9-14-2021 16:45:00
1631630760.0,995,,,,,,9-14-2021 16:46:00
1631630820.0,995,,4.1,,0.924,,9-14-2021 16:47:00
1631630880.0,995,,4.05,,0.925,,9-14-2021 16:48:00
1631630940.0,995,,3.91,1.09,0.919,0.926,9-14-2021 16:49:00
1631631000.0,995,,,1.09,,0.939,9-14-2021 16:50:00
1631631060.0,995,,,1.11,,0.93,9-14-2021 16:51:00
1631631120.0,995,,,,,,9-14-2021 16:52:00
1631631180.0,995,,3.98,,0.932,,9-14-2021 16:53:00
1631631240.0,995,,4.15,,0.922,,9-14-2021 16:54:00
1631631300.0,995,,3.98,1.1,0.918,0.93,9-14-2021 16:55:00
1631631360.0,995,,,1.12,,0.925,9-14-2021 16:56:00
1631631420.0,995,,,1.05,,0.934,9-14-2021 16:57:00
1631631480.0,995,,,,,,9-14-2021 16:58:00
1631631540.0,995,,4.01,,0.923,,9-14-2021 16:59:00
1631631600.0,995,,4.02,,0.92,,9-14-2021 17:00:00
1631631660.0,995,,4.0,1.09,0.915,0.926,9-14-2021 17:01:00
1631631720.0,995,,,1.05,,0.932,9-14-2021 17:02:00
1631631780.0,995,,,1.12,,0.925,9-14-2021 17:03:00
1631631840.0,995,,,,,,9-14-2021 17:04:00
1631631900.0,995,,4.1,,0.929,,9-14-2021 17:05:00
1631631960.0,995,,4.09,,0.917,,9-14-2021 17:06:00
1631632020.0,995,,4.2,1.1,0.919,0.92,9-14-2021 17:07:00
1631632080.0,995,,,1.09,,0.922,9-14-2021 17:08:00
1631632140.0,995,,,1.12,,0.929,9-14-2021 17:09:00
1631632200.0,995,,,,,,9-14-2021 17:10:00
1631632260.0,995,,4.02,,0.927,,9-14-2021 17:11:00
1631632320.0,995,,3.88,,0.925,,9-14-2021 17:12:00
1631632380.0,995,,3.87,,0.918,,9-14-2021 17:13:00
1631632440.0,995,,,1.11,,0.923,9-14-2021 17:14:00
1631632500.0,995,,,1.12,,0.913,9-14-2021 17:15:00
1631632560.0,995,,,1.1,,0.912,9-14-2021 17:16:00
1631632620.0,995,,,,,,9-14-2021 17:17:00
1631632680.0,995,,4.14,,0.921,,9-14-2021 17:18:00
1631632740.0,995,,4.11,,0.919,,9-14-2021 17:19:00
1631632800.0,995,,4.17,1.24,0.925,0.832,9-14-2021 17:20:00
1631632860.0,995,,,1.1,,0.851,9-14-2021 17:21:00
1631632920.0,995,,,1.1,,0.849,9-14-2021 17:22:00
1631632980.0,995,,,,,,9-14-2021 17:23:00
1631633040.0,995,,3.97,,0.927,,9-14-2021 17:24:00
1631633100.0,995,,4.01,,0.916,,9-14-2021 17:25:00
1631633160.0,995,,4.16,1.1,0.913,0.86,9-14-2021 17:26:00
1631633220.0,995,,,1.09,,0.869,9-14-2021 17:27:00
1631633280.0,995,,,1.1,,0.87,9-14-2021 17:28:00
1631633340.0,995,,,,,,9-14-2021 17:29:00
1631633400.0,995,,3.97,,0.912,,9-14-2021 17:30:00
1631633460.0,995,,4.08,,0.918,,9-14-2021 17:31:00
1631633520.0,995,,3.94,1.07,0.916,0.902,9-14-2021 17:32:00
1631633580.0,995,,,1.17,,0.82,9-14-2021 17:33:00
1631633640.0,995,,,1.18,,0.794,9-14-2021 17:34:00
1631633700.0,995,,,,,,9-14-2021 17:35:00
1631633760.0,995,,4.51,,0.904,,9-14-2021 17:36:00
1631633820.0,995,,4.5,,0.924,,9-14-2021 17:37:00
1631633880.0,995,,4.29,1.25,0.978,0.702,9-14-2021 17:38:00
1631633940.0,995,,,1.17,,0.721,9-14-2021 17:39:00
1631634000.0,995,,,1.16,,0.694,9-14-2021 17:40:00
1631634060.0,995,,,,,,9-14-2021 17:41:00
1631634120.0,995,,4.54,,0.992,,9-14-2021 17:42:00
1631634180.0,995,,4.66,,0.922,,9-14-2021 17:43:00
1631634240.0,995,,4.46,1.19,0.945,0.683,9-14-2021 17:44:00
1631634300.0,995,,,1.17,,0.684,9-14-2021 17:45:00
1631634360.0,995,,,1.16,,0.707,9-14-2021 17:46:00
1631634420.0,995,,,,,,9-14-2021 17:47:00
1631634480.0,995,,4.55,,0.955,,9-14-2021 17:48:00
1631634540.0,995,,4.5,,0.939,,9-14-2021 17:49:00
1631634600.0,995,,4.65,1.26,0.948,0.675,9-14-2021 17:50:00
1631634660.0,995,,,1.19,,0.669,9-14-2021 17:51:00
1631634720.0,995,,,1.23,,0.674,9-14-2021 17:52:00
1631634780.0,995,,,,,,9-14-2021 17:53:00
1631634840.0,995,,4.3,,0.912,,9-14-2021 17:54:00
1631634900.0,995,,4.87,,0.962,,9-14-2021 17:55:00
1631634960.0,995,,4.8,1.26,0.962,0.676,9-14-2021 17:56:00
1631635020.0,995,,,1.28,,0.659,9-14-2021 17:57:00
1631635080.0,995,,,1.19,,0.666,9-14-2021 17:58:00
1631635140.0,995,,,,,,9-14-2021 17:59:00
1631635200.0,995,,4.8,,0.996,,9-14-2021 18:00:00
1631635260.0,995,,4.47,,0.964,,9-14-2021 18:01:00
1631635320.0,995,,4.53,,0.942,,9-14-2021 18:02:00
1631635380.0,995,,4.55,1.22,0.985,0.65,9-14-2021 18:03:00
1631635440.0,995,,,1.11,,0.688,9-14-2021 18:04:00
1631635500.0,995,,,1.16,,0.683,9-14-2021 18:05:00
1631635560.0,995,,,,,,9-14-2021 18:06:00
1631635620.0,995,,4.24,,0.898,,9-14-2021 18:07:00
1631635680.0,995,,4.19,,0.913,,9-14-2021 18:08:00
1631635740.0,995,,4.23,1.14,0.911,0.698,9-14-2021 18:09:00
1631635800.0,995,,,1.09,,0.698,9-14-2021 18:10:00
1631635860.0,995,,,1.16,,0.699,9-14-2021 18:11:00
1631635920.0,995,,,,,,9-14-2021 18:12:00
1631635980.0,995,,4.21,,0.932,,9-14-2021 18:13:00
1631636040.0,995,,4.19,,0.92,,9-14-2021 18:14:00
1631636100.0,995,,4.28,1.12,0.921,0.702,9-14-2021 18:15:00
1631636160.0,995,,,1.11,,0.702,9-14-2021 18:16:00
1631636220.0,995,,,1.14,,0.702,9-14-2021 18:17:00
1631636280.0,995,,,,,,9-14-2021 18:18:00
1631636340.0,995,,4.1,,0.916,,9-14-2021 18:19:00
1631636400.0,995,,4.19,,0.917,,9-14-2021 18:20:00
1631636460.0,995,,4.12,1.12,0.92,0.708,9-14-2021 18:21:00
1631636520.0,995,,,1.13,,0.702,9-14-2021 18:22:00
1631636580.0,995,,,1.13,,0.713,9-14-2021 18:23:00
1631636640.0,995,,,,,,9-14-2021 18:24:00
1631636700.0,995,,4.17,,0.913,,9-14-2021 18:25:00
1631636760.0,995,,4.13,,0.913,,9-14-2021 18:26:00
1631636820.0,995,,4.06,1.12,0.922,0.716,9-14-2021 18:27:00
1631636880.0,995,,,1.29,,0.694,9-14-2021 18:28:00
1631636940.0,995,,,1.18,,0.683,9-14-2021 18:29:00
1631637000.0,995,,,,,,9-14-2021 18:30:00
1631637060.0,995,,4.38,,0.948,,9-14-2021 18:31:00
1631637120.0,995,,4.36,,0.963,,9-14-2021 18:32:00
1631637180.0,995,,4.55,1.34,0.941,0.678,9-14-2021 18:33:00
1631637240.0,995,,,1.1,,0.768,9-14-2021 18:34:00
1631637300.0,995,,,1.15,,0.73,9-14-2021 18:35:00
1631637360.0,995,,,,,,9-14-2021 18:36:00
1631637420.0,995,,4.1,,0.903,,9-14-2021 18:37:00
1631637480.0,995,,4.13,,0.901,,9-14-2021 18:38:00
1631637540.0,995,,4.1,,0.909,,9-14-2021 18:39:00
1631637600.0,995,,,1.1,,0.768,9-14-2021 18:40:00
1631637660.0,995,,,1.11,,0.77,9-14-2021 18:41:00
1631637720.0,995,,,1.21,,0.767,9-14-2021 18:42:00
1631637780.0,995,,,,,,9-14-2021 18:43:00
1631637840.0,995,,4.04,,0.909,,9-14-2021 18:44:00
1631637900.0,995,,4.09,,0.914,,9-14-2021 18:45:00
1631637960.0,995,,4.15,1.1,0.911,0.714,9-14-2021 18:46:00
1631638020.0,995,,,1.1,,0.714,9-14-2021 18:47:00
1631638080.0,995,,,1.13,,0.711,9-14-2021 18:48:00
1631638140.0,995,,,,,,9-14-2021 18:49:00
1631638200.0,995,,4.11,,0.909,,9-14-2021 18:50:00
1631638260.0,995,,4.03,,0.913,,9-14-2021 18:51:00
1631638320.0,995,,4.11,1.11,0.911,0.724,9-14-2021 18:52:00
1631638380.0,995,,,1.07,,0.726,9-14-2021 18:53:00
1631638440.0,995,,,1.18,,0.727,9-14-2021 18:54:00
1631638500.0,995,,,,,,9-14-2021 18:55:00
1631638560.0,995,,4.1,,0.911,,9-14-2021 18:56:00
1631638620.0,995,,4.14,,0.91,,9-14-2021 18:57:00
1631638680.0,995,,4.13,1.11,0.91,0.735,9-14-2021 18:58:00
1631638740.0,995,,,1.1,,0.739,9-14-2021 18:59:00
1631638800.0,995,,,1.11,,0.74,9-14-2021 19:00:00
1631638860.0,995,,,,,,9-14-2021 19:01:00
1631638920.0,995,,4.1,,0.915,,9-14-2021 19:02:00
1631638980.0,995,,4.18,,0.914,,9-14-2021 19:03:00
1631639040.0,995,,4.1,1.14,0.913,0.752,9-14-2021 19:04:00
1631639100.0,995,,,1.11,,0.755,9-14-2021 19:05:00
1631639160.0,995,,,1.11,,0.76,9-14-2021 19:06:00
1631639220.0,995,,,,,,9-14-2021 19:07:00
1631639280.0,995,,4.01,,0.917,,9-14-2021 19:08:00
1631639340.0,995,,4.08,,0.913,,9-14-2021 19:09:00
1631639400.0,995,,4.18,1.14,0.911,0.77,9-14-2021 19:10:00
1631639460.0,995,,,1.11,,0.772,9-14-2021 19:11:00
1631639520.0,995,,,1.06,,0.771,9-14-2021 19:12:00
1631639580.0,995,,,,,,9-14-2021 19:13:00
1631639640.0,995,,4.06,,0.903,,9-14-2021 19:14:00
1631639700.0,995,,3.98,,0.914,,9-14-2021 19:15:00
1631639760.0,995,,3.95,1.13,0.908,0.796,9-14-2021 19:16:00
1631639820.0,995,,,1.1,,0.793,9-14-2021 19:17:00
1631639880.0,995,,,1.09,,0.795,9-14-2021 19:18:00
1631639940.0,995,,,,,,9-14-2021 19:19:00
1631640000.0,995,,4.14,,0.906,,9-14-2021 19:20:00
1631640060.0,995,,4.06,,0.915,,9-14-2021 19:21:00
1631640120.0,995,,4.13,1.07,0.913,0.811,9-14-2021 19:22:00
1631640180.0,995,,,1.13,,0.799,9-14-2021 19:23:00
1631640240.0,995,,,1.12,,0.81,9-14-2021 19:24:00
1631640300.0,995,,,,,,9-14-2021 19:25:00
1631640360.0,995,,3.92,,0.911,,9-14-2021 19:26:00
1631640420.0,995,,4.06,,0.904,,9-14-2021 19:27:00
1631640480.0,995,,4.06,,0.907,,9-14-2021 19:28:00
1631640540.0,995,,4.06,1.23,0.907,0.794,9-14-2021 19:29:00
1631640600.0,995,,,1.09,,0.777,9-14-2021 19:30:00
1631640660.0,995,,,1.11,,0.777,9-14-2021 19:31:00
1631640720.0,995,,,,,,9-14-2021 19:32:00
1631640780.0,995,,4.11,,0.909,,9-14-2021 19:33:00
1631640840.0,995,,4.11,,0.907,,9-14-2021 19:34:00
1631640900.0,995,,4.13,1.06,0.905,0.8,9-14-2021 19:35:00
1631640960.0,995,,,1.13,,0.809,9-14-2021 19:36:00
1631641020.0,995,,,1.12,,0.815,9-14-2021 19:37:00
1631641080.0,995,,,,,,9-14-2021 19:38:00
1631641140.0,995,,4.09,,0.911,,9-14-2021 19:39:00
1631641200.0,995,,4.08,,0.914,,9-14-2021 19:40:00
1631641260.0,995,,3.93,1.18,0.9,0.822,9-14-2021 19:41:00
1631641320.0,995,,,1.14,,0.825,9-14-2021 19:42:00
1631641380.0,995,,,1.09,,0.827,9-14-2021 19:43:00
1631641440.0,995,,,,,,9-14-2021 19:44:00
1631641500.0,995,,4.09,,0.907,,9-14-2021 19:45:00
1631641560.0,995,,3.97,,0.907,,9-14-2021 19:46:00
1631641620.0,995,,3.89,1.11,0.906,0.842,9-14-2021 19:47:00
1631641680.0,995,,,1.08,,0.839,9-14-2021 19:48:00
1631641740.0,995,,,1.09,,0.84,9-14-2021 19:49:00
1631641800.0,995,,,,,,9-14-2021 19:50:00
1631641860.0,995,,4.09,,0.907,,9-14-2021 19:51:00
1631641920.0,995,,4.1,,0.91,,9-14-2021 19:52:00
1631641980.0,995,,4.04,1.08,0.911,0.854,9-14-2021 19:53:00
1631642040.0,995,,,1.09,,0.859,9-14-2021 19:54:00
1631642100.0,995,,,1.08,,0.857,9-14-2021 19:55:00
1631642160.0,995,,,,,,9-14-2021 19:56:00
1631642220.0,995,,4.04,,0.904,,9-14-2021 19:57:00
1631642280.0,995,,4.07,,0.917,,9-14-2021 19:58:00
1631642340.0,995,,4.03,1.07,0.91,0.859,9-14-2021 19:59:00
1631642400.0,995,,,1.11,,0.855,9-14-2021 20:00:00
1631642460.0,995,,,1.09,,0.859,9-14-2021 20:01:00
1631642520.0,995,,,,,,9-14-2021 20:02:00
1631642580.0,995,,4.19,,0.905,,9-14-2021 20:03:00
1631642640.0,995,,4.01,,0.907,,9-14-2021 20:04:00
1631642700.0,995,,4.01,,0.905,,9-14-2021 20:05:00
1631642760.0,995,,,1.1,,0.878,9-14-2021 20:06:00
1631642820.0,995,,,1.06,,0.878,9-14-2021 20:07:00
1631642880.0,995,,,1.11,,0.878,9-14-2021 20:08:00
1631642940.0,995,,,,,,9-14-2021 20:09:00
1631643000.0,995,,3.91,,0.911,,9-14-2021 20:10:00
1631643060.0,995,,4.02,,0.913,,9-14-2021 20:11:00
1631643120.0,995,,4.08,1.07,0.916,0.89,9-14-2021 20:12:00
1631643180.0,995,,,1.11,,0.893,9-14-2021 20:13:00
1631643240.0,995,,,1.06,,0.892,9-14-2021 20:14:00
1631643300.0,995,,,,,,9-14-2021 20:15:00
1631643360.0,995,,4.02,,0.916,,9-14-2021 20:16:00
1631643420.0,995,,3.98,,0.912,,9-14-2021 20:17:00
1631643480.0,995,,4.0,1.12,0.911,0.885,9-14-2021 20:18:00
1631643540.0,995,,,1.06,,0.896,9-14-2021 20:19:00
1631643600.0,995,,,1.05,,0.893,9-14-2021 20:20:00
1631643660.0,995,,,,,,9-14-2021 20:21:00
1631643720.0,995,,4.02,,0.925,,9-14-2021 20:22:00
1631643780.0,995,,4.13,,0.92,,9-14-2021 20:23:00
1631643840.0,995,,4.02,1.08,0.915,0.913,9-14-2021 20:24:00
1631643900.0,995,,,1.09,,0.913,9-14-2021 20:25:00
1631643960.0,995,,,1.09,,0.911,9-14-2021 20:26:00
1631644020.0,995,,,,,,9-14-2021 20:27:00
1631644080.0,995,,3.89,,0.918,,9-14-2021 20:28:00
1631644140.0,995,,3.98,,0.91,,9-14-2021 20:29:00
1631644200.0,995,,4.17,1.06,0.914,0.896,9-14-2021 20:30:00
1631644260.0,995,,,1.09,,0.894,9-14-2021 20:31:00
1631644320.0,995,,,1.03,,0.903,9-14-2021 20:32:00
1631644380.0,995,,,,,,9-14-2021 20:33:00
1631644440.0,995,,4.02,,0.916,,9-14-2021 20:34:00
1631644500.0,995,,3.95,,0.913,,9-14-2021 20:35:00
1631644560.0,995,,4.02,1.19,0.917,0.859,9-14-2021 20:36:00
1631644620.0,995,,,1.18,,0.803,9-14-2021 20:37:00
1631644680.0,995,,,1.16,,0.78,9-14-2021 20:38:00
1631644740.0,995,,,,,,9-14-2021 20:39:00
1631644800.0,995,,4.42,,0.931,,9-14-2021 20:40:00
1631644860.0,995,,4.31,,0.92,,9-14-2021 20:41:00
1631644920.0,995,,4.36,1.2,0.96,0.728,9-14-2021 20:42:00
1631644980.0,995,,,1.2,,0.719,9-14-2021 20:43:00
1631645040.0,995,,,1.2,,0.719,9-14-2021 20:44:00
1631645100.0,995,,,,,,9-14-2021 20:45:00
1631645160.0,995,,4.21,,0.928,,9-14-2021 20:46:00
1631645220.0,995,,4.59,,0.919,,9-14-2021 20:47:00
1631645280.0,995,,4.59,1.23,0.929,0.725,9-14-2021 20:48:00
1631645340.0,995,,,1.17,,0.687,9-14-2021 20:49:00
1631645400.0,995,,,1.15,,0.687,9-14-2021 20:50:00
1631645460.0,995,,,,,,9-14-2021 20:51:00
1631645520.0,995,,4.44,,0.957,,9-14-2021 20:52:00
1631645580.0,995,,4.48,,0.937,,9-14-2021 20:53:00
1631645640.0,995,,4.68,,0.95,,9-14-2021 20:54:00
1631645700.0,995,,4.45,1.18,0.926,0.69,9-14-2021 20:55:00
1631645760.0,995,,,1.21,,0.692,9-14-2021 20:56:00
1631645820.0,995,,,1.16,,0.67,9-14-2021 20:57:00
1631645880.0,995,,,,,,9-14-2021 20:58:00
1631645940.0,995,,4.69,,0.953,,9-14-2021 20:59:00
1631646000.0,995,,4.63,,0.908,,9-14-2021 21:00:00
1631646060.0,995,,4.59,1.24,0.923,0.696,9-14-2021 21:01:00
1631646120.0,995,,,1.19,,0.653,9-14-2021 21:02:00
1631646180.0,995,,,1.21,,0.64,9-14-2021 21:03:00
1631646240.0,995,,,,,,9-14-2021 21:04:00
1631646300.0,995,,4.59,,0.947,,9-14-2021 21:05:00
1631646360.0,995,,4.71,,0.926,,9-14-2021 21:06:00
1631646420.0,995,,4.69,1.26,0.931,0.641,9-14-2021 21:07:00
1631646480.0,995,,,1.29,,0.645,9-14-2021 21:08:00
1631646540.0,995,,,1.21,,0.63,9-14-2021 21:09:00
1631646600.0,995,,,,,,9-14-2021 21:10:00
1631646660.0,995,,4.81,,0.943,,9-14-2021 21:11:00
1631646720.0,995,,4.69,,0.926,,9-14-2021 21:12:00
1631646780.0,995,,4.79,1.23,0.936,0.679,9-14-2021 21:13:00
1631646840.0,995,,,1.22,,0.634,9-14-2021 21:14:00
1631646900.0,995,,,1.25,,0.628,9-14-2021 21:15:00
1631646960.0,995,,,,,,9-14-2021 21:16:00
1631647020.0,995,,4.76,,0.946,,9-14-2021 21:17:00
1631647080.0,995,,4.75,,0.927,,9-14-2021 21:18:00
1631647140.0,995,,4.74,1.15,0.921,0.631,9-14-2021 21:19:00
1631647200.0,995,,,1.23,,0.62,9-14-2021 21:20:00
1631647260.0,995,,,1.22,,0.618,9-14-2021 21:21:00
1631647320.0,995,,,,,,9-14-2021 21:22:00
1631647380.0,995,,4.83,,0.972,,9-14-2021 21:23:00
1631647440.0,995,,4.81,,0.923,,9-14-2021 21:24:00
1631647500.0,995,,4.91,1.3,0.941,0.612,9-14-2021 21:25:00
1631647560.0,995,,,1.25,,0.624,9-14-2021 21:26:00
1631647620.0,995,,,1.17,,0.661,9-14-2021 21:27:00
1631647680.0,995,,,,,,9-14-2021 21:28:00
1631647740.0,995,,4.32,,0.9,,9-14-2021 21:29:00
1631647800.0,995,,4.34,,0.905,,9-14-2021 21:30:00
1631647860.0,995,,4.27,,0.911,,9-14-2021 21:31:00
1631647920.0,995,,,1.17,,0.702,9-14-2021 21:32:00
1631647980.0,995,,,1.16,,0.736,9-14-2021 21:33:00
1631648040.0,995,,,1.15,,0.744,9-14-2021 21:34:00
1631648100.0,995,,,,,,9-14-2021 21:35:00
1631648160.0,995,,4.24,,0.915,,9-14-2021 21:36:00
1631648220.0,995,,4.83,,0.935,,9-14-2021 21:37:00
1631648280.0,995,,4.66,1.26,0.944,0.66,9-14-2021 21:38:00
1631648340.0,995,,,1.16,,0.681,9-14-2021 21:39:00
1631648400.0,995,,,1.17,,0.701,9-14-2021 21:40:00
1631648460.0,995,,,,,,9-14-2021 21:41:00
1631648520.0,995,,4.21,,0.896,,9-14-2021 21:42:00
1631648580.0,995,,4.2,,0.901,,9-14-2021 21:43:00
1631648640.0,995,,4.19,1.15,0.895,0.684,9-14-2021 21:44:00
1631648700.0,995,,,1.14,,0.695,9-14-2021 21:45:00
1631648760.0,995,,,1.14,,0.688,9-14-2021 21:46:00
1631648820.0,995,,,,,,9-14-2021 21:47:00
1631648880.0,995,,4.24,,0.905,,9-14-2021 21:48:00
1631648940.0,995,,4.18,,0.922,,9-14-2021 21:49:00
1631649000.0,995,,4.3,1.1,0.918,0.736,9-14-2021 21:50:00
1631649060.0,995,,,1.14,,0.754,9-14-2021 21:51:00
1631649120.0,995,,,1.12,,0.762,9-14-2021 21:52:00
1631649180.0,995,,,,,,9-14-2021 21:53:00
1631649240.0,995,,4.26,,0.911,,9-14-2021 21:54:00
1631649300.0,995,,4.24,,0.923,,9-14-2021 21:55:00
1631649360.0,995,,4.15,1.11,0.92,0.709,9-14-2021 21:56:00
1631649420.0,995,,,1.09,,0.744,9-14-2021 21:57:00
1631649480.0,995,,,1.07,,0.746,9-14-2021 21:58:00
1631649540.0,995,,,,,,9-14-2021 21:59:00
1631649600.0,995,,4.13,,0.917,,9-14-2021 22:00:00
1631649660.0,995,,4.09,,0.915,,9-14-2021 22:01:00
1631649720.0,995,,4.14,1.12,0.911,0.729,9-14-2021 22:02:00
1631649780.0,995,,,1.14,,0.727,9-14-2021 22:03:00
1631649840.0,995,,,1.1,,0.729,9-14-2021 22:04:00
1631649900.0,995,,,,,,9-14-2021 22:05:00
1631649960.0,995,,4.04,,0.917,,9-14-2021 22:06:00
1631650020.0,995,,4.07,,0.911,,9-14-2021 22:07:00
1631650080.0,995,,4.11,1.07,0.91,0.733,9-14-2021 22:08:00
1631650140.0,995,,,1.11,,0.75,9-14-2021 22:09:00
1631650200.0,995,,,1.13,,0.762,9-14-2021 22:10:00
1631650260.0,995,,,,,,9-14-2021 22:11:00
1631650320.0,995,,4.01,,0.912,,9-14-2021 22:12:00
1631650380.0,995,,4.13,,0.914,,9-14-2021 22:13:00
1631650440.0,995,,4.14,1.11,0.913,0.739,9-14-2021 22:14:00
1631650500.0,995,,,1.1,,0.761,9-14-2021 22:15:00
1631650560.0,995,,,1.12,,0.784,9-14-2021 22:16:00
1631650620.0,995,,,,,,9-14-2021 22:17:00
1631650680.0,995,,4.06,,0.908,,9-14-2021 22:18:00
1631650740.0,995,,3.95,,0.911,,9-14-2021 22:19:00
1631650800.0,995,,4.1,,0.918,,9-14-2021 22:20:00
1631650860.0,995,,4.1,1.12,0.918,0.777,9-14-2021 22:21:00
1631650920.0,995,,,1.12,,0.776,9-14-2021 22:22:00
1631650980.0,995,,,1.08,,0.779,9-14-2021 22:23:00
1631651040.0,995,,,,,,9-14-2021 22:24:00
1631651100.0,995,,4.12,,0.902,,9-14-2021 22:25:00
1631651160.0,995,,4.06,,0.895,,9-14-2021 22:26:00
1631651220.0,995,,4.01,1.1,0.893,0.772,9-14-2021 22:27:00
1631651280.0,995,,,1.1,,0.709,9-14-2021 22:28:00
1631651340.0,995,,,1.11,,0.713,9-14-2021 22:29:00
1631651400.0,995,,,,,,9-14-2021 22:30:00
1631651460.0,995,,4.01,,0.895,,9-14-2021 22:31:00
1631651520.0,995,,4.06,,0.899,,9-14-2021 22:32:00
1631651580.0,995,,4.04,1.06,0.903,0.724,9-14-2021 22:33:00
1631651640.0,995,,,1.16,,0.727,9-14-2021 22:34:00
1631651700.0,995,,,1.1,,0.736,9-14-2021 22:35:00
1631651760.0,995,,,,,,9-14-2021 22:36:00
1631651820.0,995,,4.09,,0.903,,9-14-2021 22:37:00
1631651880.0,995,,4.17,,0.905,,9-14-2021 22:38:00
1631651940.0,995,,4.02,1.11,0.898,0.754,9-14-2021 22:39:00
1631652000.0,995,,,1.08,,0.748,9-14-2021 22:40:00
1631652060.0,995,,,1.13,,0.757,9-14-2021 22:41:00
1631652120.0,995,,,,,,9-14-2021 22:42:00
1631652180.0,995,,4.04,,0.901,,9-14-2021 22:43:00
1631652240.0,995,,4.06,,0.902,,9-14-2021 22:44:00
1631652300.0,995,,3.97,1.11,0.899,0.773,9-14-2021 22:45:00
1631652360.0,995,,,1.09,,0.776,9-14-2021 22:46:00
1631652420.0,995,,,1.12,,0.777,9-14-2021 22:47:00
1631652480.0,995,,,,,,9-14-2021 22:48:00
1631652540.0,995,,4.02,,0.9,,9-14-2021 22:49:00
1631652600.0,995,,3.9,,0.904,,9-14-2021 22:50:00
1631652660.0,995,,4.16,1.13,0.9,0.784,9-14-2021 22:51:00
1631652720.0,995,,,1.13,,0.795,9-14-2021 22:52:00
1631652780.0,995,,,1.13,,0.804,9-14-2021 22:53:00
1631652840.0,995,,,,,,9-14-2021 22:54:00
1631652900.0,995,,4.05,,0.898,,9-14-2021 22:55:00
1631652960.0,995,,3.92,,0.904,,9-14-2021 22:56:00
1631653020.0,995,,4.03,,0.912,,9-14-2021 22:57:00
1631653080.0,995,,,1.13,,0.815,9-14-2021 22:58:00
1631653140.0,995,,,1.12,,0.816,9-14-2021 22:59:00
1631653200.0,995,,,1.13,,0.818,9-14-2021 23:00:00
1631653260.0,995,,,,,,9-14-2021 23:01:00
1631653320.0,995,,4.03,,0.906,,9-14-2021 23:02:00
1631653380.0,995,,3.96,,0.909,,9-14-2021 23:03:00
1631653440.0,995,,3.96,1.1,0.915,0.836,9-14-2021 23:04:00
1631653500.0,995,,,1.06,,0.84,9-14-2021 23:05:00
1631653560.0,995,,,1.09,,0.838,9-14-2021 23:06:00
1631653620.0,995,,,,,,9-14-2021 23:07:00
1631653680.0,995,,4.08,,0.907,,9-14-2021 23:08:00
1631653740.0,995,,4.06,,0.906,,9-14-2021 23:09:00
1631653800.0,995,,4.09,1.06,0.91,0.834,9-14-2021 23:10:00
1631653860.0,995,,,1.14,,0.848,9-14-2021 23:11:00
1631653920.0,995,,,1.05,,0.848,9-14-2021 23:12:00
1631653980.0,995,,,,,,9-14-2021 23:13:00
1631654040.0,995,,3.94,,0.907,,9-14-2021 23:14:00
1631654100.0,995,,4.06,,0.907,,9-14-2021 23:15:00
1631654160.0,995,,4.08,1.12,0.903,0.872,9-14-2021 23:16:00
1631654220.0,995,,,1.1,,0.864,9-14-2021 23:17:00
1631654280.0,995,,,1.12,,0.864,9-14-2021 23:18:00
1631654340.0,995,,,,,,9-14-2021 23:19:00
1631654400.0,995,,4.07,,0.9,,9-14-2021 23:20:00
1631654460.0,995,,3.95,,0.908,,9-14-2021 23:21:00
1631654520.0,995,,3.94,1.12,0.905,0.853,9-14-2021 23:22:00
1631654580.0,995,,,1.16,,0.869,9-14-2021 23:23:00
1631654640.0,995,,,1.09,,0.868,9-14-2021 23:24:00
1631654700.0,995,,,,,,9-14-2021 23:25:00
1631654760.0,995,,4.11,,0.91,,9-14-2021 23:26:00
1631654820.0,995,,3.97,,0.909,,9-14-2021 23:27:00
1631654880.0,995,,4.01,1.14,0.912,0.874,9-14-2021 23:28:00
1631654940.0,995,,,1.11,,0.867,9-14-2021 23:29:00
1631655000.0,995,,,1.06,,0.877,9-14-2021 23:30:00
1631655060.0,995,,,,,,9-14-2021 23:31:00
1631655120.0,995,,4.01,,0.914,,9-14-2021 23:32:00
1631655180.0,995,,4.04,,0.914,,9-14-2021 23:33:00
1631655240.0,995,,3.97,1.08,0.913,0.877,9-14-2021 23:34:00
1631655300.0,995,,,1.07,,0.876,9-14-2021 23:35:00
1631655360.0,995,,,1.08,,0.874,9-14-2021 23:36:00
1631655420.0,995,,,,,,9-14-2021 23:37:00
1631655480.0,995,,4.02,,0.913,,9-14-2021 23:38:00
1631655540.0,995,,4.01,,0.911,,9-14-2021 23:39:00
1631655600.0,995,,3.94,1.14,0.916,0.888,9-14-2021 23:40:00
1631655660.0,995,,,1.1,,0.886,9-14-2021 23:41:00
1631655720.0,995,,,1.08,,0.888,9-14-2021 23:42:00
1631655780.0,995,,,,,,9-14-2021 23:43:00
1631655840.0,995,,3.98,,0.917,,9-14-2021 23:44:00
1631655900.0,995,,4.07,,0.91,,9-14-2021 23:45:00
1631655960.0,995,,4.06,,0.91,,9-14-2021 23:46:00
1631656020.0,995,,4.06,1.17,0.91,0.844,9-14-2021 23:47:00
1631656080.0,995,,,1.13,,0.779,9-14-2021 23:48:00
1631656140.0,995,,,1.2,,0.775,9-14-2021 23:49:00
1631656200.0,995,,,,,,9-14-2021 23:50:00
1631656260.0,995,,4.42,,0.903,,9-14-2021 23:51:00
1631656320.0,995,,4.44,,0.941,,9-14-2021 23:52:00
1631656380.0,995,,4.69,1.23,0.925,0.693,9-14-2021 23:53:00
1631656440.0,995,,,1.18,,0.685,9-14-2021 23:54:00
1631656500.0,995,,,1.22,,0.679,9-14-2021 23:55:00
1631656560.0,995,,,,,,9-14-2021 23:56:00
1631656620.0,995,,4.7,,0.944,,9-14-2021 23:57:00
1631656680.0,995,,4.3,,0.9,,9-14-2021 23:58:00
1631656740.0,995,,4.68,1.27,0.917,0.692,9-14-2021 23:59:00
